Workbook

Sheet 属性及攻击伤害
A1: 1级 | B1: 角色1：快速射击 | E1: 角色2：持续伤害 | H1: 角色3：范围伤害 | K1: 角色4：穿透 | N1: 2级 | O1: 角色1 | R1: 角色2 | U1: 角色3 | X1: 角色4
B2: 攻击 | C2: =7+C12 -> 7 | E2: 攻击 | F2: =6+C12 -> 6 | H2: 攻击 | I2: =8+C12 -> 8 | K2: 攻击 | L2: =6+C12 -> 6 | O2: 攻击 | P2: =C2+C2*P12 -> 9.8 | R2: 攻击 | S2: =F2+F2*S12 -> 9 | U2: 攻击 | V2: =I2+I2*V12 -> 12.4 | X2: 攻击 | Y2: =L2+L2*Y12 -> 7.8
B3: 暴击 | C3: =15%+C13 -> 0.15 | E3: 暴击 | F3: =12%+C13 -> 0.12 | H3: 暴击 | I3: =3%+C13 -> 0.03 | K3: 暴击 | L3: =20%+C13 -> 0.2 | O3: 暴击 | P3: =C3+P13 -> 0.2 | R3: 暴击 | S3: =F3+S13 -> 0.17 | U3: 暴击 | V3: =I3+V13 -> 0.03 | X3: 暴击 | Y3: =L3+Y13 -> 0.3
B4: 暴击伤害 | C4: =140%+C14 -> 1.4 | E4: 暴击伤害 | F4: =170%+C14 -> 1.7 | H4: 暴击伤害 | I4: =190%+C14 -> 1.9 | K4: 暴击伤害 | L4: =160%+C14 -> 1.6 | O4: 暴击伤害 | P4: =C4+P14 -> 1.7 | R4: 暴击伤害 | S4: =F4+S14 -> 1.85 | U4: 暴击伤害 | V4: =I4+V14 -> 2.2 | X4: 暴击伤害 | Y4: =L4+Y14 -> 1.6
B5: 速度(次/秒) | C5: 6 | E5: 速度(次/秒) | F5: 1 | H5: 速度(次/秒) | I5: 0.6 | K5: 速度(次/秒) | L5: 1.5 | O5: 速度(次/秒) | P5: =C5+P15 -> 6 | R5: 速度(次/秒) | S5: =F5+S15 -> 1 | U5: 速度(次/秒) | V5: =I5 -> 0.6 | X5: 速度(次/秒) | Y5: =L5+Y15 -> 1.5
B6: 状态触发间隔 | C6: 0 | E6: 状态触发间隔 | F6: 0.5 | H6: 状态触发间隔 | I6: 0 | K6: 状态触发间隔 | L6: 0 | O6: 状态触发间隔 | P6: 0 | R6: 状态触发间隔 | S6: 0.5 | U6: 状态触发间隔 | V6: =I6 -> 0 | X6: 状态触发间隔 | Y6: 0
B7: 伤害加深 | C7: =1+C16 -> 1 | E7: 伤害加深 | F7: =130%+C16 -> 1.3 | H7: 伤害加深 | I7: =1+C16 -> 1 | K7: 伤害加深 | L7: =1+C16 -> 1 | O7: 伤害加深 | P7: =C7+P16 -> 1 | R7: 伤害加深 | S7: =F7+S16 -> 1.3 | U7: 伤害加深 | V7: =I7 -> 1 | X7: 伤害加深 | Y7: =L7+Y16 -> 1
B8: 伤害范围 | C8: 1 | E8: 伤害范围 | F8: 3 | H8: 伤害范围 | I8: 5 | K8: 伤害范围 | L8: 1 | O8: 伤害范围 | P8: =C8+P17 -> 1 | R8: 伤害范围 | S8: =F8+S17 -> 3 | U8: 伤害范围 | V8: =I8 -> 5 | X8: 伤害范围 | Y8: =L8+Y17 -> 1
B9: 技能伤害 | C9: 0.5 | E9: 技能伤害 | F9: 0.4 | H9: 技能伤害 | I9: 1 | K9: 技能伤害 | L9: 2 | O9: 技能伤害 | P9: =C9 -> 0.5 | R9: 技能伤害 | S9: =F9 -> 0.4 | U9: 技能伤害 | V9: =I9 -> 1 | X9: 技能伤害 | Y9: =L9 -> 2
E10: 状态技能伤害 | F10: 0.3 | R10: 状态技能伤害 | S10: 0.3
B11: 天赋增加 | O11: 升级效果1
B12: 攻击 | C12: 0 | O12: 攻击力 | P12: 0.4 | S12: 0.5 | V12: 0.55 | Y12: 0.3
B13: 暴击 | C13: 0 | O13: 暴击 | P13: 0.05 | S13: 0.05 | Y13: 0.1
B14: 暴击伤害 | C14: 0 | O14: 暴击伤害 | P14: 0.3 | S14: 0.15 | V14: 0.3
B15: 速度 | C15: 0 | O15: 速度
B16: 伤害加深 | C16: 0 | O16: 伤害加深
O17: 伤害范围
B18: DPS | E18: DPS | H18: DPS | K18: DPS | O18: DPS | R18: DPS | U18: DPS | X18: DPS
B19: =C2*C9*(1+C3*C4)*C7*C5*C8 -> 25.41 | E19: =F2*F9*(1+F3*F4)*F7*F5*F8+F2*F10*F7*(1/F6)*F8 -> 25.30944 | H19: =I2*I9*(1+I3*I4)*I7*I5*I8 -> 25.368 | K19: =L2*L9*(1+L3*L4)*L7*L5*L8 -> 23.76 | O19: =P2*P9*(1+P3*P4)*P7*P5*P8 -> 39.396 | R19: =S2*S9*(1+S3*S4)*S7*S5*S8+S2*S10*S7*(1/S6)*S8 -> 39.51558 | U19: =V2*V9*(1+V3*V4)*V7*V5*V8 -> 39.6552 | X19: =Y2*Y9*(1+Y3*Y4)*Y7*Y5*Y8 -> 34.632
B20: =C5*C9*C8 -> 3 | E20: =(F9*F5+F10/F6)*F8 -> 3 | H20: =I9*I5*I8 -> 3 | K20: =L9*L5*L8 -> 3
B21: 每秒造成伤害= | C21: 攻击*技能伤害*(1+暴击率*暴击伤害)*伤害加深*攻击次数*伤害范围
A22: 3级 | B22: 角色1 | E22: 角色2 | H22: 角色3 | K22: 角色4 | N22: 4级 | O22: 角色1 | R22: 角色2 | U22: 角色3 | X22: 角色4
B23: 攻击 | C23: =P2 -> 9.8 | E23: 攻击 | F23: =S2 -> 9 | H23: 攻击 | I23: =V2 -> 12.4 | K23: 攻击 | L23: =Y2 -> 7.8 | O23: 攻击 | P23: =C2+C2*P34 -> 15.4 | R23: 攻击 | S23: =F2+F2*S34 -> 12.9 | U23: 攻击 | V23: =I2+I2*V34 -> 16 | X23: 攻击 | Y23: =L2+L2*Y34 -> 12.3
B24: 暴击 | C24: =P3 -> 0.2 | E24: 暴击 | F24: =S3 -> 0.17 | H24: 暴击 | I24: =V3 -> 0.03 | K24: 暴击 | L24: =Y3 -> 0.3 | O24: 暴击 | P24: =C24+P35 -> 0.3 | R24: 暴击 | S24: =F24+S35 -> 0.23 | U24: 暴击 | V24: =I24+V35 -> 0.03 | X24: 暴击 | Y24: =L24+Y35 -> 0.55
B25: 暴击伤害 | C25: =P4 -> 1.7 | E25: 暴击伤害 | F25: =S4 -> 1.85 | H25: 暴击伤害 | I25: =V4 -> 2.2 | K25: 暴击伤害 | L25: =Y4 -> 1.6 | O25: 暴击伤害 | P25: =C25+P36 -> 1.93 | R25: 暴击伤害 | S25: =F25+S36 -> 1.85 | U25: 暴击伤害 | V25: =I25+V36 -> 3 | X25: 暴击伤害 | Y25: =L25+Y36 -> 1.82
B26: 速度(次/秒) | C26: =P5 -> 6 | E26: 速度(次/秒) | F26: =S5 -> 1 | H26: 速度(次/秒) | I26: 1 | K26: 速度(次/秒) | L26: =Y5 -> 1.5 | O26: 速度(次/秒) | P26: =C26+P37 -> 6 | R26: 速度(次/秒) | S26: =F26+S37 -> 1 | U26: 速度(次/秒) | V26: =I26+V37 -> 1 | X26: 速度(次/秒) | Y26: =L26+Y37 -> 1.5
B27: 状态触发间隔 | C27: =P6 -> 0 | E27: 状态触发间隔 | F27: 0.25 | H27: 状态触发间隔 | I27: 0.5 | K27: 状态触发间隔 | L27: =Y6 -> 0 | O27: 状态触发间隔 | P27: =AC6 -> 0 | R27: 状态触发间隔 | S27: 0.25 | U27: 状态触发间隔 | V27: 0.5 | X27: 状态触发间隔 | Y27: =AL6 -> 0
B28: 伤害加深 | C28: =P7 -> 1 | E28: 伤害加深 | F28: =S7 -> 1.3 | H28: 伤害加深 | I28: =V7 -> 1 | K28: 伤害加深 | L28: =Y7 -> 1 | O28: 伤害加深 | P28: =C28+P38 -> 1.05 | R28: 伤害加深 | S28: =F28+S38 -> 1.45 | U28: 伤害加深 | V28: =I28+V38 -> 1 | X28: 伤害加深 | Y28: =L28+Y38 -> 1
B29: 伤害范围 | C29: =P8 -> 1 | E29: 伤害范围 | F29: 2 | H29: 伤害范围 | I29: =V8 -> 5 | K29: 伤害范围 | L29: 1 | O29: 伤害范围 | P29: =C29+P39 -> 1 | R29: 伤害范围 | S29: =F29+S39 -> 2 | U29: 伤害范围 | V29: =I29+V39 -> 5 | X29: 伤害范围 | Y29: =L29+Y39 -> 1
B30: 技能伤害 | C30: =P9 -> 0.5 | E30: 技能伤害 | F30: =S9 -> 0.4 | H30: 技能伤害 | I30: =V9 -> 1 | K30: 技能伤害 | L30: =Y9 -> 2 | O30: 技能伤害 | P30: =C30 -> 0.5 | R30: 技能伤害 | S30: 0.45 | U30: 技能伤害 | V30: =I30 -> 1 | X30: 技能伤害 | Y30: =L30 -> 2
B31: 被动技能伤害 | C31: 1.6 | E31: 状态技能伤害 | F31: =S10 -> 0.3 | H31: 状态技能伤害 | I31: 0.3 | O31: 被动技能伤害 | P31: =C31 -> 1.6 | R31: 状态技能伤害 | S31: 0.3 | U31: 状态技能伤害 | V31: =I31 -> 0.3
B33: 升级效果2 | O33: 升级效果3
B34: 每5次攻击后，你的下一次普攻会向面前发出一道攻击范围为5的冲击波,每次触发冲击波后，使你造成的伤害提升15%，持续3秒 | E34: Buff附带减速效果，状态触发间隔变为0.25秒/次，并使目标受到的伤害加深20% | H34: 发出的炮弹爆炸的地方会留下一圈范围为5的火焰地面，对经过的敌人造成持续5秒的灼烧伤害，期间敌人受到的暴击伤害提高25% | K34: 箭矢击中目标时会分裂成2只小箭，每只小箭造成伤害为原伤害的25%，并使被击中的目标受到暴击的概率提升20% | O34: 攻击力 | P34: 1.2 | S34: 1.15 | V34: 1 | Y34: 1.05
O35: 暴击 | P35: 0.1 | S35: 0.06 | Y35: 0.25
O36: 暴击伤害 | P36: 0.23 | V36: 0.8 | Y36: 0.22
O37: 速度
O38: 伤害加深 | P38: 0.05 | S38: 0.15
O39: 伤害范围
A40: 附加效果 | N40: 附加效果
B41: =(C23*C31*(1+C24*C25)*C28*0.2)*3 -> 12.60672 | E41: 0.2 | H41: =I23*I31*(1+I24*I25)*(1/I27)*3 -> 23.79312 | K41: =X19*0.25*2 -> 17.316 | O41: =(P23*P31*(1+P24*P25)*P28*0.2)*3 -> 24.511133 | R41: 0.2 | U41: =V23*V31*(1+V24*V25)*(1/V27)*2 -> 20.928 | X41: =0.2*2*Y23*Y30*(1+Y24*Y25)*Y28*Y26*Y29 -> 29.53476
A43: 最终DPS | N43: 最终DPS
B44: =(O19+B41)*1.15 -> 59.803128 | E44: =(F23*F28*(1+F24*F25)*F26*F29*F30+F23*F28*(1+F24*F25)*(1/F27)*F29*F31)*1.2 -> 59.057856 | H44: =U19+H41 -> 63.44832 | K44: =X19+K41 -> 51.948 | O44: =(P23*P30*(1+P24*P25)*P26*P28+O41)*1.15 -> 116.27469 | R44: =(S23*S28*(1+S24*S25)*S26*S29*S30+S23*S28*(1+S24*S25)*(1/S27)*S29*S31)*1.2 -> 105.58935 | U44: =V23*V30*(1+V24*V25)*V28*V26*V29+U41 -> 108.128 | X44: =Y23*Y30*(1+Y24*Y25)*Y28*Y26*Y29+X41 -> 103.37166
A50: 5级 | B50: 角色1 | E50: 角色2 | H50: 角色3 | K50: 角色4
B51: 攻击 | C51: =P23 -> 15.4 | E51: 攻击 | F51: =S23 -> 12.9 | H51: 攻击 | I51: =V23 -> 16 | K51: 攻击 | L51: =Y23 -> 12.3
B52: 暴击 | C52: =P24 -> 0.3 | E52: 暴击 | F52: =S24 -> 0.23 | H52: 暴击 | I52: =V24 -> 0.03 | K52: 暴击 | L52: =Y24 -> 0.55
B53: 暴击伤害 | C53: =P25 -> 1.93 | E53: 暴击伤害 | F53: =S25 -> 1.85 | H53: 暴击伤害 | I53: =V25 -> 3 | K53: 暴击伤害 | L53: =Y25 -> 1.82
B54: 速度(次/秒) | C54: =P26 -> 6 | E54: 速度(次/秒) | F54: =S26 -> 1 | H54: 速度(次/秒) | I54: =V26 -> 1 | K54: 速度(次/秒) | L54: 1
B55: 状态时间 | C55: =P27 -> 0 | E55: 状态时间 | F55: =S27 -> 0.25 | H55: 状态时间 | I55: =V27 -> 0.5 | K55: 状态时间 | L55: =Y27 -> 0
B56: 伤害加深 | C56: =P28 -> 1.05 | E56: 伤害加深 | F56: =S28 -> 1.45 | H56: 伤害加深 | I56: =V28 -> 1 | K56: 伤害加深 | L56: =Y28 -> 1
B57: 伤害范围 | C57: =P29 -> 1 | E57: 伤害范围 | F57: =S29 -> 2 | H57: 伤害范围 | I57: =V29 -> 5 | K57: 伤害范围 | L57: =Y29 -> 1
B58: 技能伤害 | C58: =P30 -> 0.5 | E58: 技能伤害 | F58: 0.45 | H58: 技能伤害 | I58: 1.06 | K58: 技能伤害 | L58: 1.28
B59: 被动技能伤害 | C59: =P31 -> 1.6 | E59: 状态技能伤害 | F59: 0.3 | H59: 状态技能伤害 | I59: =V31 -> 0.3
B61: 升级效果4
B62: 先在你每2次攻击，就会向面前发出一道攻击范围为5的冲击波,每次触发冲击波后，使你造成的伤害提升15%，持续3秒，最多叠加5层 | E62: Buff附带的减速效果变为冰冻，使目标冻结2秒，被冰冻的目标受到的伤害加深65% | H62: 发射的炮弹变为5颗追踪火箭弹 | K62: 箭矢数量+2
A68: 附加效果
B69: =(C51*C59*(1+C52*C53)*C56*0.5)*3 -> 61.277832 | E69: 0.65 | H69: =I51*I59*(1+I52*I53)*(1/I55)*6 -> 62.784 | K69: =0.25*6*L51*L58*(1+L52*L53)*L56*L54*L57 -> 47.255616
A71: 最终DPS
B72: =(C51*C58*(1+C52*C53)*C54*C56+B69)*1.15 -> 158.55639 | E72: =(F51*F58*(1+F52*F53)*F56*F54*F57+F51*F59*(1+F52*F53)*F56*(1/F55)*F57)*(1+E69) -> 145.18536 | H72: =I51*I58*(1+I52*I53)*I56*I54*I57+H69 -> 155.216 | K72: =(L51*L58*(1+L52*L53)*L56*L54*L57)*3+K69 -> 141.76685

Sheet 天赋设定
A1: 天赋等级 | B1: 攻击力 | C1: 暴击 | D1: 暴伤 | E1: 伤害加深 | F1: 解锁所需金币 | G1: 预期解锁时间 | H1: 特殊天赋类型 | I1: 解锁所需金币 | J1: 预期解锁时间
A2: 1 | B2: 3 | F2: 100 | G2: =ROUNDUP(F2/金币收益!$B$4,3) -> 0.016 | H2: /
A3: 2 | C3: 1 | F3: =F2+A3*10 -> 120 | G3: =ROUNDUP(G2+F3/金币收益!$B$4,3) -> 0.035 | H3: /
A4: 3 | D4: 2 | F4: =F3+A4*10 -> 150 | G4: =ROUNDUP(G3+F4/金币收益!$B$4,3) -> 0.058 | H4: /
A5: 4 | B5: 4 | F5: =F4+A5*10 -> 190 | G5: =ROUNDUP(G4+F5/金币收益!$B$4,3) -> 0.087 | H5: /
A6: 5 | C6: 1 | F6: =F5+A6*10 -> 240 | G6: =ROUNDUP(G5+F6/金币收益!$B$4,3) -> 0.124 | H6: 基地健康度+5 | I6: =SUM(F2:F6)/2 -> 400 | J6: =ROUNDUP(G6+I6/金币收益!$B$4,3) -> 0.185
A7: 6 | E7: 7 | F7: =F6+A7*10 -> 300 | G7: =ROUNDUP(G6+F7/金币收益!$B$4,3) -> 0.17 | H7: /
A8: 7 | B8: 4 | F8: =F7+A8*10 -> 370 | G8: =ROUNDUP(G7+F8/金币收益!$B$4,3) -> 0.226 | H8: /
A9: 8 | C9: 1 | F9: =F8+A9*10 -> 450 | G9: =ROUNDUP(G8+F9/金币收益!$B$4,3) -> 0.294 | H9: /
A10: 9 | D10: 3 | F10: =F9+A10*10 -> 540 | G10: =ROUNDUP(G9+F10/金币收益!$B$4,3) -> 0.376 | H10: /
A11: 10 | B11: 4 | F11: =F10+A11*10 -> 640 | G11: =ROUNDUP(G10+F11/金币收益!$B$4,3) -> 0.473 | H11: 角色技能充能速度+1点/s | I11: =SUM(F7:F11)/2 -> 1150 | J11: =ROUNDUP(G11+I11/金币收益!$B$4,3) -> 0.647
A12: 11 | C12: 1 | F12: =F11+A12*10 -> 750 | G12: =ROUNDUP(G11+F12/金币收益!$B$4,3) -> 0.587 | H12: /
A13: 12 | D13: 3 | F13: =F12+A13*10 -> 870 | G13: =ROUNDUP(G12+F13/金币收益!$B$4,3) -> 0.719 | H13: /
A14: 13 | B14: 5 | F14: =F13+A14*10 -> 1000 | G14: =ROUNDUP(G13+F14/金币收益!$B$4,3) -> 0.87 | H14: /
A15: 14 | C15: 1 | F15: =F14+A15*10 -> 1140 | G15: =ROUNDUP(G14+F15/金币收益!$B$4,3) -> 1.043 | H15: /
A16: 15 | E16: 8 | F16: =F15+A16*10 -> 1290 | G16: =ROUNDUP(G15+F16/金币收益!$B$4,3) -> 1.238 | H16: 角色技能CD-5s | I16: =SUM(F12:F16)/2 -> 2525 | J16: =ROUNDUP(G16+I16/金币收益!$B$4,3) -> 1.62
A17: 16 | B17: 5 | F17: =F16+A17*10 -> 1450 | G17: =ROUNDUP(G16+F17/金币收益!$B$4,3) -> 1.457 | H17: /
A18: 17 | C18: 1 | F18: =F17+A18*10 -> 1620 | G18: =ROUNDUP(G17+F18/金币收益!$B$4,3) -> 1.702 | H18: /
A19: 18 | D19: 4 | F19: =F18+A19*10 -> 1800 | G19: =ROUNDUP(G18+F19/金币收益!$B$4,3) -> 1.974 | H19: /
A20: 19 | B20: 5 | F20: =F19+A20*10 -> 1990 | G20: =ROUNDUP(G19+F20/金币收益!$B$4,3) -> 2.275 | H20: /
A21: 20 | C21: 1 | F21: =F20+A21*10 -> 2190 | G21: =ROUNDUP(G20+F21/金币收益!$B$4,3) -> 2.606 | H21: 状态持续时间+1s | I21: =SUM(F17:F21)/2 -> 4525 | J21: =ROUNDUP(G21+I21/金币收益!$B$4,3) -> 3.29
A22: 21 | F22: =F21+A22*10 -> 2400 | G22: =ROUNDUP(G21+F22/金币收益!$B$4,3) -> 2.969 | H22: /
A23: 22 | B23: 10 | F23: =F22+A23*10 -> 2620 | G23: =ROUNDUP(G22+F23/金币收益!$B$4,3) -> 3.365 | H23: /
A24: 23 | C24: 2 | F24: =F23+A24*10 -> 2850 | G24: =ROUNDUP(G23+F24/金币收益!$B$4,3) -> 3.796 | H24: /
A25: 24 | D25: 4 | F25: =F24+A25*10 -> 3090 | G25: =ROUNDUP(G24+F25/金币收益!$B$4,3) -> 4.263 | H25: /
A26: 25 | B26: 10 | F26: =F25+A26*10 -> 3340 | G26: =ROUNDUP(G25+F26/金币收益!$B$4,3) -> 4.768 | H26: 角色技能充能速度+1点/s | I26: =SUM(F22:F26)/2 -> 7150 | J26: =ROUNDUP(G26+I26/金币收益!$B$4,3) -> 5.848
A27: 26 | E27: 5 | F27: =F26+A27*10 -> 3600 | G27: =ROUNDUP(G26+F27/金币收益!$B$4,3) -> 5.312 | H27: /
A28: 27 | C28: 2 | F28: =F27+A28*10 -> 3870 | G28: =ROUNDUP(G27+F28/金币收益!$B$4,3) -> 5.897 | H28: /
A29: 28 | B29: 10 | F29: =F28+A29*10 -> 4150 | G29: =ROUNDUP(G28+F29/金币收益!$B$4,3) -> 6.524 | H29: /
A30: 29 | D30: 5 | F30: =F29+A30*10 -> 4440 | G30: =ROUNDUP(G29+F30/金币收益!$B$4,3) -> 7.195 | H30: /
A31: 30 | C31: 2 | F31: =F30+A31*10 -> 4740 | G31: =ROUNDUP(G30+F31/金币收益!$B$4,3) -> 7.911 | H31: 基地健康值+10点 | I31: =SUM(F27:F31)/2 -> 10400 | J31: =ROUNDUP(G31+I31/金币收益!$B$4,3) -> 9.482
A32: 31 | B32: 10 | F32: =F31+A32*10 -> 5050 | G32: =ROUNDUP(G31+F32/金币收益!$B$4,3) -> 8.674 | H32: /
A33: 32 | D33: 5 | F33: =F32+A33*10 -> 5370 | G33: =ROUNDUP(G32+F33/金币收益!$B$4,3) -> 9.485 | H33: /
A34: 33 | C34: 2 | F34: =F33+A34*10 -> 5700 | G34: =ROUNDUP(G33+F34/金币收益!$B$4,3) -> 10.346 | H34: /
A35: 34 | B35: 10 | F35: =F34+A35*10 -> 6040 | G35: =ROUNDUP(G34+F35/金币收益!$B$4,3) -> 11.258 | H35: /
A36: 35 | E36: 5 | F36: =F35+A36*10 -> 6390 | G36: =ROUNDUP(G35+F36/金币收益!$B$4,3) -> 12.223 | H36: 角色技能充能速度+2点/s | I36: =SUM(F32:F36)/2 -> 14275 | J36: =ROUNDUP(G36+I36/金币收益!$B$4,3) -> 14.379
A37: 36 | C37: 2 | F37: =F36+A37*10 -> 6750 | G37: =ROUNDUP(G36+F37/金币收益!$B$4,3) -> 13.243 | H37: /
A38: 37 | B38: 10 | F38: =F37+A38*10 -> 7120 | G38: =ROUNDUP(G37+F38/金币收益!$B$4,3) -> 14.318 | H38: /
A39: 38 | D39: 5 | F39: =F38+A39*10 -> 7500 | G39: =ROUNDUP(G38+F39/金币收益!$B$4,3) -> 15.451 | H39: /
A40: 39 | C40: 2 | F40: =F39+A40*10 -> 7890 | G40: =ROUNDUP(G39+F40/金币收益!$B$4,3) -> 16.643 | H40: /
A41: 40 | B41: 12 | F41: =F40+A41*10 -> 8290 | G41: =ROUNDUP(G40+F41/金币收益!$B$4,3) -> 17.895 | H41: 状态持续时间+2s | I41: =SUM(F37:F41)/2 -> 18775 | J41: =ROUNDUP(G41+I41/金币收益!$B$4,3) -> 20.73
A42: 41 | E42: 5 | F42: =F41+A42*10 -> 8700 | G42: =ROUNDUP(G41+F42/金币收益!$B$4,3) -> 19.209 | H42: /
A43: 42 | D43: 6 | F43: =F42+A43*10 -> 9120 | G43: =ROUNDUP(G42+F43/金币收益!$B$4,3) -> 20.586 | H43: /
A44: 43 | B44: 12 | F44: =F43+A44*10 -> 9550 | G44: =ROUNDUP(G43+F44/金币收益!$B$4,3) -> 22.028 | H44: /
A45: 44 | D45: 8 | F45: =F44+A45*10 -> 9990 | G45: =ROUNDUP(G44+F45/金币收益!$B$4,3) -> 23.537 | H45: /
A46: 45 | C46: 3 | F46: =F45+A46*10 -> 10440 | G46: =ROUNDUP(G45+F46/金币收益!$B$4,3) -> 25.114 | H46: 角色技能CD-10s | I46: =SUM(F42:F46)/2 -> 23900 | J46: =ROUNDUP(G46+I46/金币收益!$B$4,3) -> 28.723
A47: 46 | B47: 12 | F47: =F46+A47*10 -> 10900 | G47: =ROUNDUP(G46+F47/金币收益!$B$4,3) -> 26.76 | H47: /
A48: 47 | D48: 10 | F48: =F47+A48*10 -> 11370 | G48: =ROUNDUP(G47+F48/金币收益!$B$4,3) -> 28.477 | H48: /
A49: 48 | C49: 3 | F49: =F48+A49*10 -> 11850 | G49: =ROUNDUP(G48+F49/金币收益!$B$4,3) -> 30.266 | H49: /
A50: 49 | B50: 13 | F50: =F49+A50*10 -> 12340 | G50: =ROUNDUP(G49+F50/金币收益!$B$4,3) -> 32.129 | H50: /
A51: 50 | B51: 巅峰天赋 | H51: 无尽模式下，每消灭一波怪物，全体攻击力提升2点 | I51: =SUM(F47:F51)/2 -> 23230 | J51: =ROUNDUP(G50+I51/金币收益!$B$4,3) -> 35.636
A53: 各角色各等级在天赋主题下的DPS
A55: 天赋主题加成一览（来源：本页L3:Q10）
A56: 属性 | B56: 主题1 | C56: 主题2 | D56: 主题3 | E56: 主题4 | F56: 主题5
A57: 攻击力 | B57: 14 | C57: 30 | D57: 60 | E57: 90 | F57: 139
A58: 暴击率(%) | B58: 3 | C58: 7 | D58: 10 | E58: 15 | F58: 25
A59: 暴击伤害(%) | B59: 5 | C59: 18 | D59: 26 | E59: 40 | F59: 55
A60: 伤害加深(%) | B60: 7 | C60: 15 | D60: 20 | E60: 25 | F60: 30
A61: 状态时间 | B61: 0 | C61: 0 | D61: 1 | E61: 2 | F61: 2
A63: DPS计算结果（公式动态引用第56-60行天赋参数表，修改天赋值后DPS自动更新）
A64: 角色 | B64: 等级 | C64: 无天赋DPS | D64: 主题1 DPS | E64: 主题2 DPS | F64: 主题3 DPS | G64: 主题4 DPS | H64: 主题5 DPS | I64: 提升倍率(主题5)
A65: 角色1：快速射击 | B65: 1级 | C65: =7*0.5*(1+0.15*1.4)*1*6*1 -> 25.41 | D65: =(7+$B$57)*0.5*(1+(0.15+$B$58/100)*(1.4+$B$59/100))*(1+$B$60/100)*6*1 -> 85.00401 | E65: =(7+$C$57)*0.5*(1+(0.15+$C$58/100)*(1.4+$C$59/100))*(1+$C$60/100)*6*1 -> 172.02114 | F65: =(7+$D$57)*0.5*(1+(0.15+$D$58/100)*(1.4+$D$59/100))*(1+$D$60/100)*6*1 -> 341.298 | G65: =(7+$E$57)*0.5*(1+(0.15+$E$58/100)*(1.4+$E$59/100))*(1+$E$60/100)*6*1 -> 560.175 | H65: =(7+$F$57)*0.5*(1+(0.15+$F$58/100)*(1.4+$F$59/100))*(1+$F$60/100)*6*1 -> 1013.532 | I65: =H65/C65 -> 39.887131
B66: 2级 | C66: =9.8*0.5*(1+0.2*1.7)*1*6*1 -> 39.396 | D66: =(9.8+$B$57)*0.5*(1+(0.2+$B$58/100)*(1.7+$B$59/100))*(1+$B$60/100)*6*1 -> 107.1482 | E66: =(9.8+$C$57)*0.5*(1+(0.2+$C$58/100)*(1.7+$C$59/100))*(1+$C$60/100)*6*1 -> 207.00856 | F66: =(9.8+$D$57)*0.5*(1+(0.2+$D$58/100)*(1.7+$D$59/100))*(1+$D$60/100)*6*1 -> 399.03264 | G66: =(9.8+$E$57)*0.5*(1+(0.2+$E$58/100)*(1.7+$E$59/100))*(1+$E$60/100)*6*1 -> 649.32375 | H66: =(9.8+$F$57)*0.5*(1+(0.2+$F$58/100)*(1.7+$F$59/100))*(1+$F$60/100)*6*1 -> 1167.894 | I66: =H66/C66 -> 29.644989
B67: 3级 | C67: =(9.8*0.5*(1+0.2*1.7)*1*6*1+9.8*1.6*(1+0.2*1.7)*1*0.2*3)*1.15 -> 59.803128 | D67: =((9.8+$B$57)*0.5*(1+(0.2+$B$58/100)*(1.7+$B$59/100))*(1+$B$60/100)*6*1+(9.8+$B$57)*1.6*(1+(0.2+$B$58/100)*(1.7+$B$59/100))*(1+$B$60/100)*0.2*3)*1.15 -> 162.65096 | E67: =((9.8+$C$57)*0.5*(1+(0.2+$C$58/100)*(1.7+$C$59/100))*(1+$C$60/100)*6*1+(9.8+$C$57)*1.6*(1+(0.2+$C$58/100)*(1.7+$C$59/100))*(1+$C$60/100)*0.2*3)*1.15 -> 314.23899 | F67: =((9.8+$D$57)*0.5*(1+(0.2+$D$58/100)*(1.7+$D$59/100))*(1+$D$60/100)*6*1+(9.8+$D$57)*1.6*(1+(0.2+$D$58/100)*(1.7+$D$59/100))*(1+$D$60/100)*0.2*3)*1.15 -> 605.73155 | G67: =((9.8+$E$57)*0.5*(1+(0.2+$E$58/100)*(1.7+$E$59/100))*(1+$E$60/100)*6*1+(9.8+$E$57)*1.6*(1+(0.2+$E$58/100)*(1.7+$E$59/100))*(1+$E$60/100)*0.2*3)*1.15 -> 985.67345 | H67: =((9.8+$F$57)*0.5*(1+(0.2+$F$58/100)*(1.7+$F$59/100))*(1+$F$60/100)*6*1+(9.8+$F$57)*1.6*(1+(0.2+$F$58/100)*(1.7+$F$59/100))*(1+$F$60/100)*0.2*3)*1.15 -> 1772.8631 | I67: =H67/C67 -> 29.644989
B68: 4级 | C68: =(15.4*0.5*(1+0.3*1.93)*6*1.05+15.4*1.6*(1+0.3*1.93)*1.05*0.2*3)*1.15 -> 116.27469 | D68: =((15.4+$B$57)*0.5*(1+(0.3+$B$58/100)*(1.93+$B$59/100))*6*(1.05+$B$60/100)+(15.4+$B$57)*1.6*(1+(0.3+$B$58/100)*(1.93+$B$59/100))*(1.05+$B$60/100)*0.2*3)*1.15 -> 247.93413 | E68: =((15.4+$C$57)*0.5*(1+(0.3+$C$58/100)*(1.93+$C$59/100))*6*(1.05+$C$60/100)+(15.4+$C$57)*1.6*(1+(0.3+$C$58/100)*(1.93+$C$59/100))*(1.05+$C$60/100)*0.2*3)*1.15 -> 441.79509 | F68: =((15.4+$D$57)*0.5*(1+(0.3+$D$58/100)*(1.93+$D$59/100))*6*(1.05+$D$60/100)+(15.4+$D$57)*1.6*(1+(0.3+$D$58/100)*(1.93+$D$59/100))*(1.05+$D$60/100)*0.2*3)*1.15 -> 805.2064 | G68: =((15.4+$E$57)*0.5*(1+(0.3+$E$58/100)*(1.93+$E$59/100))*6*(1.05+$E$60/100)+(15.4+$E$57)*1.6*(1+(0.3+$E$58/100)*(1.93+$E$59/100))*(1.05+$E$60/100)*0.2*3)*1.15 -> 1278.2416 | H68: =((15.4+$F$57)*0.5*(1+(0.3+$F$58/100)*(1.93+$F$59/100))*6*(1.05+$F$60/100)+(15.4+$F$57)*1.6*(1+(0.3+$F$58/100)*(1.93+$F$59/100))*(1.05+$F$60/100)*0.2*3)*1.15 -> 2243.9933 | I68: =H68/C68 -> 19.29907
B69: 5级 | C69: =(15.4*0.5*(1+0.3*1.93)*6*1.05+15.4*1.6*(1+0.3*1.93)*1.05*0.5*3)*1.15 -> 158.55639 | D69: =((15.4+$B$57)*0.5*(1+(0.3+$B$58/100)*(1.93+$B$59/100))*6*(1.05+$B$60/100)+(15.4+$B$57)*1.6*(1+(0.3+$B$58/100)*(1.93+$B$59/100))*(1.05+$B$60/100)*0.5*3)*1.15 -> 338.09199 | E69: =((15.4+$C$57)*0.5*(1+(0.3+$C$58/100)*(1.93+$C$59/100))*6*(1.05+$C$60/100)+(15.4+$C$57)*1.6*(1+(0.3+$C$58/100)*(1.93+$C$59/100))*(1.05+$C$60/100)*0.5*3)*1.15 -> 602.44785 | F69: =((15.4+$D$57)*0.5*(1+(0.3+$D$58/100)*(1.93+$D$59/100))*6*(1.05+$D$60/100)+(15.4+$D$57)*1.6*(1+(0.3+$D$58/100)*(1.93+$D$59/100))*(1.05+$D$60/100)*0.5*3)*1.15 -> 1098.0087 | G69: =((15.4+$E$57)*0.5*(1+(0.3+$E$58/100)*(1.93+$E$59/100))*6*(1.05+$E$60/100)+(15.4+$E$57)*1.6*(1+(0.3+$E$58/100)*(1.93+$E$59/100))*(1.05+$E$60/100)*0.5*3)*1.15 -> 1743.0568 | H69: =((15.4+$F$57)*0.5*(1+(0.3+$F$58/100)*(1.93+$F$59/100))*6*(1.05+$F$60/100)+(15.4+$F$57)*1.6*(1+(0.3+$F$58/100)*(1.93+$F$59/100))*(1.05+$F$60/100)*0.5*3)*1.15 -> 3059.9909 | I69: =H69/C69 -> 19.29907
A70: 角色2：持续伤害 | B70: 1级 | C70: =6*0.4*(1+0.12*1.7)*1.3*1*3+6*0.3*1.3*(1/0.5)*3 -> 25.30944 | D70: =(6+$B$57)*0.4*(1+(0.12+$B$58/100)*(1.7+$B$59/100))*(1.3+$B$60/100)*1*3+(6+$B$57)*0.3*(1.3+$B$60/100)*(1/0.5)*3 -> 90.831 | E70: =(6+$C$57)*0.4*(1+(0.12+$C$58/100)*(1.7+$C$59/100))*(1.3+$C$60/100)*1*3+(6+$C$57)*0.3*(1.3+$C$60/100)*(1/0.5)*3 -> 178.97501 | F70: =(6+$D$57)*0.4*(1+(0.12+$D$58/100)*(1.7+$D$59/100))*(1.3+$D$60/100)*1*3+(6+$D$57)*0.3*(1.3+$D$60/100)*(1/0.5)*3 -> 348.22656 | G70: =(6+$E$57)*0.4*(1+(0.12+$E$58/100)*(1.7+$E$59/100))*(1.3+$E$60/100)*1*3+(6+$E$57)*0.3*(1.3+$E$60/100)*(1/0.5)*3 -> 547.64352 | H70: =(6+$F$57)*0.4*(1+(0.12+$F$58/100)*(1.7+$F$59/100))*(1.3+$F$60/100)*1*3+(6+$F$57)*0.3*(1.3+$F$60/100)*(1/0.5)*3 -> 927.768 | I70: =H70/C70 -> 36.656994
B71: 2级 | C71: =9*0.4*(1+0.17*1.85)*1.3*1*3+9*0.3*1.3*(1/0.5)*3 -> 39.51558 | D71: =(9+$B$57)*0.4*(1+(0.17+$B$58/100)*(1.85+$B$59/100))*(1.3+$B$60/100)*1*3+(9+$B$57)*0.3*(1.3+$B$60/100)*(1/0.5)*3 -> 108.89856 | E71: =(9+$C$57)*0.4*(1+(0.17+$C$58/100)*(1.85+$C$59/100))*(1.3+$C$60/100)*1*3+(9+$C$57)*0.3*(1.3+$C$60/100)*(1/0.5)*3 -> 202.71139 | F71: =(9+$D$57)*0.4*(1+(0.17+$D$58/100)*(1.85+$D$59/100))*(1.3+$D$60/100)*1*3+(9+$D$57)*0.3*(1.3+$D$60/100)*(1/0.5)*3 -> 381.25674 | G71: =(9+$E$57)*0.4*(1+(0.17+$E$58/100)*(1.85+$E$59/100))*(1.3+$E$60/100)*1*3+(9+$E$57)*0.3*(1.3+$E$60/100)*(1/0.5)*3 -> 592.9308 | H71: =(9+$F$57)*0.4*(1+(0.17+$F$58/100)*(1.85+$F$59/100))*(1.3+$F$60/100)*1*3+(9+$F$57)*0.3*(1.3+$F$60/100)*(1/0.5)*3 -> 996.83328 | I71: =H71/C71 -> 25.226336
B72: 3级 | C72: =(9*1.3*(1+0.17*1.85)*1*2*0.4+9*1.3*(1+0.17*1.85)*(1/0.25)*2*0.3)*1.2 -> 59.057856 | D72: =((9+$B$57)*(1.3+$B$60/100)*(1+(0.17+$B$58/100)*(1.85+$B$59/100))*1*2*0.4+(9+$B$57)*(1.3+$B$60/100)*(1+(0.17+$B$58/100)*(1.85+$B$59/100))*(1/0.25)*2*0.3)*1.2 -> 166.97779 | E72: =((9+$C$57)*(1.3+$C$60/100)*(1+(0.17+$C$58/100)*(1.85+$C$59/100))*1*2*0.4+(9+$C$57)*(1.3+$C$60/100)*(1+(0.17+$C$58/100)*(1.85+$C$59/100))*(1/0.25)*2*0.3)*1.2 -> 322.94845 | F72: =((9+$D$57)*(1.3+$D$60/100)*(1+(0.17+$D$58/100)*(1.85+$D$59/100))*1*2*0.4+(9+$D$57)*(1.3+$D$60/100)*(1+(0.17+$D$58/100)*(1.85+$D$59/100))*(1/0.25)*2*0.3)*1.2 -> 623.86157 | G72: =((9+$E$57)*(1.3+$E$60/100)*(1+(0.17+$E$58/100)*(1.85+$E$59/100))*1*2*0.4+(9+$E$57)*(1.3+$E$60/100)*(1+(0.17+$E$58/100)*(1.85+$E$59/100))*(1/0.25)*2*0.3)*1.2 -> 1013.5066 | H72: =((9+$F$57)*(1.3+$F$60/100)*(1+(0.17+$F$58/100)*(1.85+$F$59/100))*1*2*0.4+(9+$F$57)*(1.3+$F$60/100)*(1+(0.17+$F$58/100)*(1.85+$F$59/100))*(1/0.25)*2*0.3)*1.2 -> 1825.8985 | I72: =H72/C72 -> 30.917114
B73: 4级 | C73: =(12.9*1.45*(1+0.23*1.85)*1*2*0.45+12.9*1.45*(1+0.23*1.85)*(1/0.25)*2*0.3)*1.2 -> 105.58935 | D73: =((12.9+$B$57)*(1.45+$B$60/100)*(1+(0.23+$B$58/100)*(1.85+$B$59/100))*1*2*0.45+(12.9+$B$57)*(1.45+$B$60/100)*(1+(0.23+$B$58/100)*(1.85+$B$59/100))*(1/0.25)*2*0.3)*1.2 -> 241.90322 | E73: =((12.9+$C$57)*(1.45+$C$60/100)*(1+(0.23+$C$58/100)*(1.85+$C$59/100))*1*2*0.45+(12.9+$C$57)*(1.45+$C$60/100)*(1+(0.23+$C$58/100)*(1.85+$C$59/100))*(1/0.25)*2*0.3)*1.2 -> 437.34937 | F73: =((12.9+$D$57)*(1.45+$D$60/100)*(1+(0.23+$D$58/100)*(1.85+$D$59/100))*1*2*0.45+(12.9+$D$57)*(1.45+$D$60/100)*(1+(0.23+$D$58/100)*(1.85+$D$59/100))*(1/0.25)*2*0.3)*1.2 -> 807.9962 | G73: =((12.9+$E$57)*(1.45+$E$60/100)*(1+(0.23+$E$58/100)*(1.85+$E$59/100))*1*2*0.45+(12.9+$E$57)*(1.45+$E$60/100)*(1+(0.23+$E$58/100)*(1.85+$E$59/100))*(1/0.25)*2*0.3)*1.2 -> 1285.0008 | H73: =((12.9+$F$57)*(1.45+$F$60/100)*(1+(0.23+$F$58/100)*(1.85+$F$59/100))*1*2*0.45+(12.9+$F$57)*(1.45+$F$60/100)*(1+(0.23+$F$58/100)*(1.85+$F$59/100))*(1/0.25)*2*0.3)*1.2 -> 2265.3394 | I73: =H73/C73 -> 21.454241
B74: 5级 | C74: =(12.9*0.45*(1+0.23*1.85)*1.45*1*2+12.9*0.3*(1+0.23*1.85)*1.45*(1/0.25)*2)*1.65 -> 145.18536 | D74: =((12.9+$B$57)*0.45*(1+(0.23+$B$58/100)*(1.85+$B$59/100))*(1.45+$B$60/100)*1*2+(12.9+$B$57)*0.3*(1+(0.23+$B$58/100)*(1.85+$B$59/100))*(1.45+$B$60/100)*(1/0.25)*2)*1.65 -> 332.61693 | E74: =((12.9+$C$57)*0.45*(1+(0.23+$C$58/100)*(1.85+$C$59/100))*(1.45+$C$60/100)*1*2+(12.9+$C$57)*0.3*(1+(0.23+$C$58/100)*(1.85+$C$59/100))*(1.45+$C$60/100)*(1/0.25)*2)*1.65 -> 601.35538 | F74: =((12.9+$D$57)*0.45*(1+(0.23+$D$58/100)*(1.85+$D$59/100))*(1.45+$D$60/100)*1*2+(12.9+$D$57)*0.3*(1+(0.23+$D$58/100)*(1.85+$D$59/100))*(1.45+$D$60/100)*(1/0.25)*2)*1.65 -> 1110.9948 | G74: =((12.9+$E$57)*0.45*(1+(0.23+$E$58/100)*(1.85+$E$59/100))*(1.45+$E$60/100)*1*2+(12.9+$E$57)*0.3*(1+(0.23+$E$58/100)*(1.85+$E$59/100))*(1.45+$E$60/100)*(1/0.25)*2)*1.65 -> 1766.8761 | H74: =((12.9+$F$57)*0.45*(1+(0.23+$F$58/100)*(1.85+$F$59/100))*(1.45+$F$60/100)*1*2+(12.9+$F$57)*0.3*(1+(0.23+$F$58/100)*(1.85+$F$59/100))*(1.45+$F$60/100)*(1/0.25)*2)*1.65 -> 3114.8417 | I74: =H74/C74 -> 21.454241
A75: 角色3：范围伤害 | B75: 1级 | C75: =8*1*(1+0.03*1.9)*1*0.6*5 -> 25.368 | D75: =(8+$B$57)*1*(1+(0.03+$B$58/100)*(1.9+$B$59/100))*(1+$B$60/100)*0.6*5 -> 78.88254 | E75: =(8+$C$57)*1*(1+(0.03+$C$58/100)*(1.9+$C$59/100))*(1+$C$60/100)*0.6*5 -> 158.3688 | F75: =(8+$D$57)*1*(1+(0.03+$D$58/100)*(1.9+$D$59/100))*(1+$D$60/100)*0.6*5 -> 313.53984 | G75: =(8+$E$57)*1*(1+(0.03+$E$58/100)*(1.9+$E$59/100))*(1+$E$60/100)*0.6*5 -> 519.645 | H75: =(8+$F$57)*1*(1+(0.03+$F$58/100)*(1.9+$F$59/100))*(1+$F$60/100)*0.6*5 -> 966.5838 | I75: =H75/C75 -> 38.102483
B76: 2级 | C76: =12.4*1*(1+0.03*2.2)*1*0.6*5 -> 39.6552 | D76: =(12.4+$B$57)*1*(1+(0.03+$B$58/100)*(2.2+$B$59/100))*(1+$B$60/100)*0.6*5 -> 96.18444 | E76: =(12.4+$C$57)*1*(1+(0.03+$C$58/100)*(2.2+$C$59/100))*(1+$C$60/100)*0.6*5 -> 181.09464 | F76: =(12.4+$D$57)*1*(1+(0.03+$D$58/100)*(2.2+$D$59/100))*(1+$D$60/100)*0.6*5 -> 343.99267 | G76: =(12.4+$E$57)*1*(1+(0.03+$E$58/100)*(2.2+$E$59/100))*(1+$E$60/100)*0.6*5 -> 563.712 | H76: =(12.4+$F$57)*1*(1+(0.03+$F$58/100)*(2.2+$F$59/100))*(1+$F$60/100)*0.6*5 -> 1045.1142 | I76: =H76/C76 -> 26.355035
B77: 3级 | C77: =12.4*1*(1+0.03*2.2)*1*0.6*5+12.4*0.3*(1+0.03*2.2)*(1/0.5)*3 -> 63.44832 | D77: =(12.4+$B$57)*1*(1+(0.03+$B$58/100)*(2.2+$B$59/100))*(1+$B$60/100)*0.6*5+(12.4+$B$57)*0.3*(1+(0.03+$B$58/100)*(2.2+$B$59/100))*(1/0.5)*3 -> 150.11964 | E77: =(12.4+$C$57)*1*(1+(0.03+$C$58/100)*(2.2+$C$59/100))*(1+$C$60/100)*0.6*5+(12.4+$C$57)*0.3*(1+(0.03+$C$58/100)*(2.2+$C$59/100))*(1/0.5)*3 -> 275.5788 | F77: =(12.4+$D$57)*1*(1+(0.03+$D$58/100)*(2.2+$D$59/100))*(1+$D$60/100)*0.6*5+(12.4+$D$57)*0.3*(1+(0.03+$D$58/100)*(2.2+$D$59/100))*(1/0.5)*3 -> 515.98901 | G77: =(12.4+$E$57)*1*(1+(0.03+$E$58/100)*(2.2+$E$59/100))*(1+$E$60/100)*0.6*5+(12.4+$E$57)*0.3*(1+(0.03+$E$58/100)*(2.2+$E$59/100))*(1/0.5)*3 -> 834.29376 | H77: =(12.4+$F$57)*1*(1+(0.03+$F$58/100)*(2.2+$F$59/100))*(1+$F$60/100)*0.6*5+(12.4+$F$57)*0.3*(1+(0.03+$F$58/100)*(2.2+$F$59/100))*(1/0.5)*3 -> 1527.4746 | I77: =H77/C77 -> 24.074311
B78: 4级 | C78: =16*1*(1+0.03*3)*1*1*5+16*0.3*(1+0.03*3)*(1/0.5)*2 -> 108.128 | D78: =(16+$B$57)*1*(1+(0.03+$B$58/100)*(3+$B$59/100))*(1+$B$60/100)*1*5+(16+$B$57)*0.3*(1+(0.03+$B$58/100)*(3+$B$59/100))*(1/0.5)*2 -> 232.4595 | E78: =(16+$C$57)*1*(1+(0.03+$C$58/100)*(3+$C$59/100))*(1+$C$60/100)*1*5+(16+$C$57)*0.3*(1+(0.03+$C$58/100)*(3+$C$59/100))*(1/0.5)*2 -> 421.3646 | F78: =(16+$D$57)*1*(1+(0.03+$D$58/100)*(3+$D$59/100))*(1+$D$60/100)*1*5+(16+$D$57)*0.3*(1+(0.03+$D$58/100)*(3+$D$59/100))*(1/0.5)*2 -> 779.10336 | G78: =(16+$E$57)*1*(1+(0.03+$E$58/100)*(3+$E$59/100))*(1+$E$60/100)*1*5+(16+$E$57)*0.3*(1+(0.03+$E$58/100)*(3+$E$59/100))*(1/0.5)*2 -> 1272.9964 | H78: =(16+$F$57)*1*(1+(0.03+$F$58/100)*(3+$F$59/100))*(1+$F$60/100)*1*5+(16+$F$57)*0.3*(1+(0.03+$F$58/100)*(3+$F$59/100))*(1/0.5)*2 -> 2379.839 | I78: =H78/C78 -> 22.009461
B79: 5级 | C79: =16*1.06*(1+0.03*3)*1*1*5+16*0.3*(1+0.03*3)*(1/0.5)*6 -> 155.216 | D79: =(16+$B$57)*1.06*(1+(0.03+$B$58/100)*(3+$B$59/100))*(1+$B$60/100)*1*5+(16+$B$57)*0.3*(1+(0.03+$B$58/100)*(3+$B$59/100))*(1/0.5)*6 -> 329.02779 | E79: =(16+$C$57)*1.06*(1+(0.03+$C$58/100)*(3+$C$59/100))*(1+$C$60/100)*1*5+(16+$C$57)*0.3*(1+(0.03+$C$58/100)*(3+$C$59/100))*(1/0.5)*6 -> 587.78846 | F79: =(16+$D$57)*1.06*(1+(0.03+$D$58/100)*(3+$D$59/100))*(1+$D$60/100)*1*5+(16+$D$57)*0.3*(1+(0.03+$D$58/100)*(3+$D$59/100))*(1/0.5)*6 -> 1077.7596 | G79: =(16+$E$57)*1.06*(1+(0.03+$E$58/100)*(3+$E$59/100))*(1+$E$60/100)*1*5+(16+$E$57)*0.3*(1+(0.03+$E$58/100)*(3+$E$59/100))*(1/0.5)*6 -> 1747.1662 | H79: =(16+$F$57)*1.06*(1+(0.03+$F$58/100)*(3+$F$59/100))*(1+$F$60/100)*1*5+(16+$F$57)*0.3*(1+(0.03+$F$58/100)*(3+$F$59/100))*(1/0.5)*6 -> 3242.1443 | I79: =H79/C79 -> 20.887952
A80: 角色4：穿透 | B80: 1级 | C80: =6*2*(1+0.2*1.6)*1*1.5*1 -> 23.76 | D80: =(6+$B$57)*2*(1+(0.2+$B$58/100)*(1.6+$B$59/100))*(1+$B$60/100)*1.5*1 -> 88.5639 | E80: =(6+$C$57)*2*(1+(0.2+$C$58/100)*(1.6+$C$59/100))*(1+$C$60/100)*1.5*1 -> 183.89052 | F80: =(6+$D$57)*2*(1+(0.2+$D$58/100)*(1.6+$D$59/100))*(1+$D$60/100)*1.5*1 -> 370.1808 | G80: =(6+$E$57)*2*(1+(0.2+$E$58/100)*(1.6+$E$59/100))*(1+$E$60/100)*1.5*1 -> 612 | H80: =(6+$F$57)*2*(1+(0.2+$F$58/100)*(1.6+$F$59/100))*(1+$F$60/100)*1.5*1 -> 1112.6213 | I80: =H80/C80 -> 46.827494
B81: 2级 | C81: =7.8*2*(1+0.3*1.6)*1*1.5*1 -> 34.632 | D81: =(7.8+$B$57)*2*(1+(0.3+$B$58/100)*(1.6+$B$59/100))*(1+$B$60/100)*1.5*1 -> 108.08102 | E81: =(7.8+$C$57)*2*(1+(0.3+$C$58/100)*(1.6+$C$59/100))*(1+$C$60/100)*1.5*1 -> 216.29803 | F81: =(7.8+$D$57)*2*(1+(0.3+$D$58/100)*(1.6+$D$59/100))*(1+$D$60/100)*1.5*1 -> 425.67552 | G81: =(7.8+$E$57)*2*(1+(0.3+$E$58/100)*(1.6+$E$59/100))*(1+$E$60/100)*1.5*1 -> 696.825 | H81: =(7.8+$F$57)*2*(1+(0.3+$F$58/100)*(1.6+$F$59/100))*(1+$F$60/100)*1.5*1 -> 1249.5249 | I81: =H81/C81 -> 36.080068
B82: 3级 | C82: =7.8*2*(1+0.3*1.6)*1*1.5*1*1.5 -> 51.948 | D82: =(7.8+$B$57)*2*(1+(0.3+$B$58/100)*(1.6+$B$59/100))*(1+$B$60/100)*1.5*1*1.5 -> 162.12153 | E82: =(7.8+$C$57)*2*(1+(0.3+$C$58/100)*(1.6+$C$59/100))*(1+$C$60/100)*1.5*1*1.5 -> 324.44704 | F82: =(7.8+$D$57)*2*(1+(0.3+$D$58/100)*(1.6+$D$59/100))*(1+$D$60/100)*1.5*1*1.5 -> 638.51328 | G82: =(7.8+$E$57)*2*(1+(0.3+$E$58/100)*(1.6+$E$59/100))*(1+$E$60/100)*1.5*1*1.5 -> 1045.2375 | H82: =(7.8+$F$57)*2*(1+(0.3+$F$58/100)*(1.6+$F$59/100))*(1+$F$60/100)*1.5*1*1.5 -> 1874.2874 | I82: =H82/C82 -> 36.080068
B83: 4级 | C83: =12.3*2*(1+0.55*1.82)*1*1.5*1*1.4 -> 103.37166 | D83: =(12.3+$B$57)*2*(1+(0.55+$B$58/100)*(1.82+$B$59/100))*(1+$B$60/100)*1.5*1*1.4 -> 246.38346 | E83: =(12.3+$C$57)*2*(1+(0.55+$C$58/100)*(1.82+$C$59/100))*(1+$C$60/100)*1.5*1*1.4 -> 457.65216 | F83: =(12.3+$D$57)*2*(1+(0.55+$D$58/100)*(1.82+$D$59/100))*(1+$D$60/100)*1.5*1*1.4 -> 857.04998 | G83: =(12.3+$E$57)*2*(1+(0.55+$E$58/100)*(1.82+$E$59/100))*(1+$E$60/100)*1.5*1*1.4 -> 1371.6896 | H83: =(12.3+$F$57)*2*(1+(0.55+$F$58/100)*(1.82+$F$59/100))*(1+$F$60/100)*1.5*1*1.4 -> 2392.3798 | I83: =H83/C83 -> 23.143479
B84: 5级 | C84: =12.3*1.28*(1+0.55*1.82)*1*1*1*4.5 -> 141.76685 | D84: =(12.3+$B$57)*1.28*(1+(0.55+$B$58/100)*(1.82+$B$59/100))*(1+$B$60/100)*1*1*4.5 -> 337.89732 | E84: =(12.3+$C$57)*1.28*(1+(0.55+$C$58/100)*(1.82+$C$59/100))*(1+$C$60/100)*1*1*4.5 -> 627.63725 | F84: =(12.3+$D$57)*1.28*(1+(0.55+$D$58/100)*(1.82+$D$59/100))*(1+$D$60/100)*1*1*4.5 -> 1175.3828 | G84: =(12.3+$E$57)*1.28*(1+(0.55+$E$58/100)*(1.82+$E$59/100))*(1+$E$60/100)*1*1*4.5 -> 1881.1742 | H84: =(12.3+$F$57)*1.28*(1+(0.55+$F$58/100)*(1.82+$F$59/100))*(1+$F$60/100)*1*1*4.5 -> 3280.978 | I84: =H84/C84 -> 23.143479
A86: 说明：
A87: 1. 天赋主题加成来源于本页L6:Q10区域（可直接修改数值），DPS单元格均使用Excel公式动态引用天赋参数，修改天赋值后DPS将自动重新计算。
A88: 2. 暴击率/暴击伤害/伤害加深为百分比加成（如主题1暴击率+3即+0.03），攻击力为绝对值加成。公式中通过 /100 将百分比转为小数。
A89: 3. DPS公式来源于「属性及攻击伤害」页：攻击力×技能伤害×(1+暴击率×暴击伤害)×伤害加深×速度×伤害范围，3级起含被动/状态附加效果与增幅系数。
A90: 4. 各等级公式差异：1-2级为基础公式；3级增加被动效果(角色1冲击波×1.15/角色2×1.2/角色3灼烧/角色4分裂箭×1.5)；4级数值成长；5级终极被动(角色1每2次攻击/角色2冰冻×1.65/角色3火箭弹/角色4箭矢+2×4.5)。
A91: 5. 角色2的1-2级状态伤害不含暴击乘子，3级起状态伤害计入暴击乘子，这是原始公式的设定差异。
A92: 6. 提升倍率列(H/C)也使用公式，=主题5 DPS ÷ 无天赋DPS，修改天赋后自动更新。

Sheet 关卡模式怪物属性
A1: 关卡数/波次 | B1: 1 | D1: 2 | F1: 3 | H1: 4 | J1: 5 | L1: 6 | N1: 7 | P1: 8 | R1: 9 | T1: 10
A2: 单人 | B2: 小怪数量 | C2: 小怪血量 | D2: 小怪数量 | E2: 小怪血量 | F2: 小怪数量 | G2: 小怪血量 | H2: 小怪数量 | I2: 小怪血量 | J2: 小怪数量 | K2: 小怪血量 | L2: 小怪数量 | M2: 小怪血量 | N2: 小怪数量 | O2: 小怪血量 | P2: 小怪数量 | Q2: 小怪血量 | R2: 小怪数量 | S2: 小怪血量 | T2: 精英数量 | U2: 精英血量 | V2: 衰减血量 | W2: BOSS数量 | X2: BOSS血量 | Z2: 成长倍率+总伤需求预期
A3: 1 | B3: 20 | C3: =ROUNDDOWN((天赋设定!C65*30)*0.7/B3,0) -> 26 | D3: 22 | E3: =ROUNDDOWN((天赋设定!C66*30)*0.7/D3,0) -> 37 | F3: 24 | G3: =ROUNDDOWN((天赋设定!C67*30)*0.7/F3,0) -> 52 | H3: 26 | I3: =ROUNDDOWN((天赋设定!C68*30)*0.7/H3,0) -> 93 | J3: 28 | K3: =ROUNDDOWN((30*天赋设定!C69)*0.7/J3,0) -> 118 | L3: 30 | M3: =ROUNDDOWN((30*136)*0.75/L3,0) -> 102 | N3: 30 | O3: =ROUNDDOWN((20*294)*0.8/N3,0) -> 156 | P3: 30 | Q3: =ROUNDDOWN((20*294)*0.85/P3,0) -> 166 | R3: 30 | S3: =ROUNDDOWN((20*426)*0.9/R3,0) -> 255 | T3: 2 | U3: =(K3*J3/2)*0.7 -> 1156.4 | V3: =ROUNDDOWN(U3*1400/2400,0) -> 674 | W3: 0 | AB3: 1
A4: 2 | B4: 20 | C4: =ROUNDUP(C3*(1+$Z$6),0) -> 34 | D4: 22 | E4: =ROUNDUP(E3*(1+$Z$6),0) -> 49 | F4: 24 | G4: =ROUNDUP(G3*(1+$Z$6),0) -> 68 | H4: 26 | I4: =ROUNDUP(I3*(1+$Z$6),0) -> 121 | J4: 28 | K4: =ROUNDUP(K3*(1+$Z$6),0) -> 154 | L4: 30 | M4: =ROUNDUP(M3*(1+0.1),0) -> 113 | N4: 30 | O4: =ROUNDUP(O3*(1+0.1),0) -> 172 | P4: 30 | Q4: =ROUNDUP(Q3*(1+0.1),0) -> 183 | R4: 30 | S4: =ROUNDUP(S3*(1+0.1),0) -> 281 | T4: 2 | U4: =ROUNDUP(U3*(1+$Z$6),0) -> 1504 | V4: =ROUNDDOWN(U4*2000/2400,0) -> 1253 | W4: 0 | AB4: =ROUNDUP(E4/$E$3,3) -> 1.325
A5: 3 | B5: 20 | C5: =ROUNDUP(C4*(1+$Z$6),0) -> 45 | D5: 22 | E5: =ROUNDUP(E4*(1+$Z$6),0) -> 64 | F5: 24 | G5: =ROUNDUP(G4*(1+$Z$6),0) -> 89 | H5: 26 | I5: =ROUNDUP(I4*(1+$Z$6),0) -> 158 | J5: 28 | K5: =ROUNDUP(K4*(1+$Z$6),0) -> 201 | L5: 30 | M5: =ROUNDUP(M4*(1+0.1),0) -> 125 | N5: 30 | O5: =ROUNDUP(O4*(1+0.1),0) -> 190 | P5: 30 | Q5: =ROUNDUP(Q4*(1+0.1),0) -> 202 | R5: 30 | S5: =ROUNDUP(S4*(1+0.1),0) -> 310 | T5: 2 | U5: =ROUNDUP(U4*(1+$Z$6),0) -> 1956 | V5: =ROUNDDOWN(U5*2400/2400,0) -> 1956 | W5: 0 | AB5: =ROUNDUP(E5/$E$3,3) -> 1.73
A6: 4 | B6: 20 | C6: =ROUNDUP(C5*(1+$Z$6),0) -> 59 | D6: 22 | E6: =ROUNDUP(E5*(1+$Z$6),0) -> 84 | F6: 24 | G6: =ROUNDUP(G5*(1+$Z$6),0) -> 116 | H6: 26 | I6: =ROUNDUP(I5*(1+$Z$6),0) -> 206 | J6: 28 | K6: =ROUNDUP(K5*(1+$Z$6),0) -> 262 | L6: 30 | M6: =ROUNDUP(M5*(1+0.1),0) -> 138 | N6: 30 | O6: =ROUNDUP(O5*(1+0.1),0) -> 209 | P6: 30 | Q6: =ROUNDUP(Q5*(1+0.1),0) -> 223 | R6: 30 | S6: =ROUNDUP(S5*(1+0.1),0) -> 341 | T6: 2 | U6: =ROUNDUP(U5*(1+$Z$6),0) -> 2543 | V6: =ROUNDDOWN(U6*2400/2400,0) -> 2543 | W6: 0 | Z6: 0.3 | AB6: =ROUNDUP(E6/$E$3,3) -> 2.271
A7: 5 | B7: 20 | C7: =ROUNDUP(C6*(1+$Z$6),0) -> 77 | D7: 22 | E7: =ROUNDUP(E6*(1+$Z$6),0) -> 110 | F7: 24 | G7: =ROUNDUP(G6*(1+$Z$6),0) -> 151 | H7: 26 | I7: =ROUNDUP(I6*(1+$Z$6),0) -> 268 | J7: 28 | K7: =ROUNDUP(K6*(1+$Z$6),0) -> 341 | L7: 30 | M7: =ROUNDUP(M6*(1+0.1),0) -> 152 | N7: 30 | O7: =ROUNDUP(O6*(1+0.1),0) -> 230 | P7: 30 | Q7: =ROUNDUP(Q6*(1+0.1),0) -> 246 | R7: 30 | S7: =ROUNDUP(S6*(1+0.1),0) -> 376 | T7: 0 | U7: =ROUNDUP(U6*(1+$Z$6),0) -> 3306 | V7: =ROUNDDOWN(U7*2400/2400,0) -> 3306 | W7: 1 | X7: =V7*2 -> 6612 | Z7: =天赋设定!D69*20 -> 6761.8399 | AB7: =ROUNDUP(E7/$E$3,3) -> 2.973
A8: 6 | B8: 20 | C8: =ROUNDDOWN((天赋设定!D65*30)*0.7/$B$3,0) -> 89 | D8: 22 | E8: =ROUNDDOWN((天赋设定!D66*30)*0.7/D8,0) -> 102 | F8: 24 | G8: =ROUNDDOWN((天赋设定!D67*30)*0.7/$B$3,0) -> 170 | H8: 26 | I8: =ROUNDDOWN((天赋设定!D73*30)*0.7/$B$3,0) -> 253 | J8: 28 | K8: =ROUNDDOWN((天赋设定!D69*30)*0.7/$B$3,0) -> 354 | L8: 30 | M8: =ROUNDUP(M7*(1+0.1),0) -> 168 | N8: 30 | O8: =ROUNDUP(O7*(1+0.1),0) -> 253 | P8: 30 | Q8: =ROUNDUP(Q7*(1+0.1),0) -> 271 | R8: 30 | S8: =ROUNDUP(S7*(1+0.1),0) -> 414 | T8: 2 | U8: =(K8*J8/2)*0.7 -> 3469.2 | V8: =ROUNDDOWN(U8*2400/2400,0) -> 3469 | W8: 0 | AB8: =ROUNDUP(E8/$E$3,3) -> 2.757
A9: 7 | B9: 20 | C9: =ROUNDUP(C8*(1+$Z$11),0) -> 102 | D9: 22 | E9: =ROUNDUP(E8*(1+$Z$11),0) -> 117 | F9: 24 | G9: =ROUNDUP(G8*(1+$Z$11),0) -> 195 | H9: 26 | I9: =ROUNDUP(I8*(1+$Z$11),0) -> 290 | J9: 28 | K9: =ROUNDUP(K8*(1+$Z$11),0) -> 406 | L9: 30 | M9: =ROUNDUP(M8*(1+0.1),0) -> 185 | N9: 30 | O9: =ROUNDUP(O8*(1+0.1),0) -> 279 | P9: 30 | Q9: =ROUNDUP(Q8*(1+0.1),0) -> 299 | R9: 30 | S9: =ROUNDUP(S8*(1+0.1),0) -> 456 | T9: 2 | U9: =ROUNDUP(U8*(1+$Z$11),0) -> 3973 | V9: =ROUNDDOWN(U9*2400/2400,0) -> 3973 | W9: 0 | AB9: =ROUNDUP(E9/$E$3,3) -> 3.163
A10: 8 | B10: 20 | C10: =ROUNDUP(C9*(1+$Z$11),0) -> 117 | D10: 22 | E10: =ROUNDUP(E9*(1+$Z$11),0) -> 134 | F10: 24 | G10: =ROUNDUP(G9*(1+$Z$11),0) -> 224 | H10: 26 | I10: =ROUNDUP(I9*(1+$Z$11),0) -> 333 | J10: 28 | K10: =ROUNDUP(K9*(1+$Z$11),0) -> 465 | L10: 30 | M10: =ROUNDUP(M9*(1+0.1),0) -> 204 | N10: 30 | O10: =ROUNDUP(O9*(1+0.1),0) -> 307 | P10: 30 | Q10: =ROUNDUP(Q9*(1+0.1),0) -> 329 | R10: 30 | S10: =ROUNDUP(S9*(1+0.1),0) -> 502 | T10: 2 | U10: =ROUNDUP(U9*(1+$Z$11),0) -> 4550 | V10: =ROUNDDOWN(U10*2400/2400,0) -> 4550 | W10: 0 | AB10: =ROUNDUP(E10/$E$3,3) -> 3.622
A11: 9 | B11: 20 | C11: =ROUNDUP(C10*(1+$Z$11),0) -> 134 | D11: 22 | E11: =ROUNDUP(E10*(1+$Z$11),0) -> 154 | F11: 24 | G11: =ROUNDUP(G10*(1+$Z$11),0) -> 257 | H11: 26 | I11: =ROUNDUP(I10*(1+$Z$11),0) -> 382 | J11: 28 | K11: =ROUNDUP(K10*(1+$Z$11),0) -> 533 | L11: 30 | M11: =ROUNDUP(M10*(1+0.1),0) -> 225 | N11: 30 | O11: =ROUNDUP(O10*(1+0.1),0) -> 338 | P11: 30 | Q11: =ROUNDUP(Q10*(1+0.1),0) -> 362 | R11: 30 | S11: =ROUNDUP(S10*(1+0.1),0) -> 553 | T11: 2 | U11: =ROUNDUP(U10*(1+$Z$11),0) -> 5210 | V11: =ROUNDDOWN(U11*2400/2400,0) -> 5210 | W11: 0 | Z11: 0.145 | AB11: =ROUNDUP(E11/$E$3,3) -> 4.163
A12: 10 | B12: 20 | C12: =ROUNDUP(C11*(1+$Z$11),0) -> 154 | D12: 22 | E12: =ROUNDUP(E11*(1+$Z$11),0) -> 177 | F12: 24 | G12: =ROUNDUP(G11*(1+$Z$11),0) -> 295 | H12: 26 | I12: =ROUNDUP(I11*(1+$Z$11),0) -> 438 | J12: 28 | K12: =ROUNDUP(K11*(1+$Z$11),0) -> 611 | L12: 30 | M12: =ROUNDUP(M11*(1+0.1),0) -> 248 | N12: 30 | O12: =ROUNDUP(O11*(1+0.1),0) -> 372 | P12: 30 | Q12: =ROUNDUP(Q11*(1+0.1),0) -> 399 | R12: 30 | S12: =ROUNDUP(S11*(1+0.1),0) -> 609 | T12: 0 | U12: =ROUNDUP(U11*(1+$Z$11),0) -> 5966 | V12: =ROUNDDOWN(U12*2400/2400,0) -> 5966 | W12: 1 | X12: =V12*2 -> 11932 | Z12: =天赋设定!E69*20 -> 12048.957 | AB12: =ROUNDUP(E12/$E$3,3) -> 4.784
A13: 11 | B13: 20 | C13: =ROUNDDOWN((天赋设定!E65*30)*0.7/$B$3,0) -> 180 | D13: 22 | E13: =ROUNDDOWN((天赋设定!E66*30)*0.7/D13,0) -> 197 | F13: 24 | G13: =ROUNDDOWN((天赋设定!E67*30)*0.7/$B$3,0) -> 329 | H13: 26 | I13: =ROUNDDOWN((天赋设定!E68*30)*0.7/$B$3,0) -> 463 | J13: 28 | K13: =ROUNDDOWN((天赋设定!E69*30)*0.7/$B$3,0) -> 632 | L13: 30 | M13: =ROUNDUP(M12*(1+0.1),0) -> 273 | N13: 30 | O13: =ROUNDUP(O12*(1+0.1),0) -> 410 | P13: 30 | Q13: =ROUNDUP(Q12*(1+0.1),0) -> 439 | R13: 30 | S13: =ROUNDUP(S12*(1+0.1),0) -> 670 | T13: 2 | U13: =(K13*J13/2)*0.7 -> 6193.6 | V13: =ROUNDDOWN(U13*2400/2400,0) -> 6193 | W13: 0 | AB13: =ROUNDUP(E13/$E$3,3) -> 5.325
A14: 12 | B14: 20 | C14: =ROUNDUP(C13*(1+$Z$16),0) -> 207 | D14: 22 | E14: =ROUNDUP(E13*(1+$Z$16),0) -> 226 | F14: 24 | G14: =ROUNDUP(G13*(1+$Z$16),0) -> 377 | H14: 26 | I14: =ROUNDUP(I13*(1+$Z$16),0) -> 531 | J14: 28 | K14: =ROUNDUP(K13*(1+$Z$16),0) -> 724 | L14: 30 | M14: =ROUNDUP(M13*(1+0.1),0) -> 301 | N14: 30 | O14: =ROUNDUP(O13*(1+0.1),0) -> 451 | P14: 30 | Q14: =ROUNDUP(Q13*(1+0.1),0) -> 483 | R14: 30 | S14: =ROUNDUP(S13*(1+0.1),0) -> 737 | T14: 2 | U14: =ROUNDUP(U13*(1+$Z$16),0) -> 7092 | V14: =ROUNDDOWN(U14*2400/2400,0) -> 7092 | W14: 0 | AB14: =ROUNDUP(E14/$E$3,3) -> 6.109
A15: 13 | B15: 20 | C15: =ROUNDUP(C14*(1+$Z$16),0) -> 238 | D15: 22 | E15: =ROUNDUP(E14*(1+$Z$16),0) -> 259 | F15: 24 | G15: =ROUNDUP(G14*(1+$Z$16),0) -> 432 | H15: 26 | I15: =ROUNDUP(I14*(1+$Z$16),0) -> 608 | J15: 28 | K15: =ROUNDUP(K14*(1+$Z$16),0) -> 829 | L15: 30 | M15: =ROUNDUP(M14*(1+0.1),0) -> 332 | N15: 30 | O15: =ROUNDUP(O14*(1+0.1),0) -> 497 | P15: 30 | Q15: =ROUNDUP(Q14*(1+0.1),0) -> 532 | R15: 30 | S15: =ROUNDUP(S14*(1+0.1),0) -> 811 | T15: 2 | U15: =ROUNDUP(U14*(1+$Z$16),0) -> 8121 | V15: =ROUNDDOWN(U15*2400/2400,0) -> 8121 | W15: 0 | AB15: =ROUNDUP(E15/$E$3,3) -> 7
A16: 14 | B16: 20 | C16: =ROUNDUP(C15*(1+$Z$16),0) -> 273 | D16: 22 | E16: =ROUNDUP(E15*(1+$Z$16),0) -> 297 | F16: 24 | G16: =ROUNDUP(G15*(1+$Z$16),0) -> 495 | H16: 26 | I16: =ROUNDUP(I15*(1+$Z$16),0) -> 697 | J16: 28 | K16: =ROUNDUP(K15*(1+$Z$16),0) -> 950 | L16: 30 | M16: =ROUNDUP(M15*(1+0.1),0) -> 366 | N16: 30 | O16: =ROUNDUP(O15*(1+0.1),0) -> 547 | P16: 30 | Q16: =ROUNDUP(Q15*(1+0.1),0) -> 586 | R16: 30 | S16: =ROUNDUP(S15*(1+0.1),0) -> 893 | T16: 0 | U16: =ROUNDUP(U15*(1+$Z$16),0) -> 9299 | V16: =ROUNDDOWN(U16*2400/2400,0) -> 9299 | W16: 0 | Z16: 0.145 | AB16: =ROUNDUP(E16/$E$3,3) -> 8.028
A17: 15 | B17: 20 | C17: =ROUNDUP(C16*(1+$Z$16),0) -> 313 | D17: 22 | E17: =ROUNDUP(E16*(1+$Z$16),0) -> 341 | F17: 24 | G17: =ROUNDUP(G16*(1+$Z$16),0) -> 567 | H17: 26 | I17: =ROUNDUP(I16*(1+$Z$16),0) -> 799 | J17: 28 | K17: =ROUNDUP(K16*(1+$Z$16),0) -> 1088 | L17: 30 | M17: =ROUNDUP(M16*(1+0.1),0) -> 403 | N17: 30 | O17: =ROUNDUP(O16*(1+0.1),0) -> 602 | P17: 30 | Q17: =ROUNDUP(Q16*(1+0.1),0) -> 645 | R17: 30 | S17: =ROUNDUP(S16*(1+0.1),0) -> 983 | T17: 0 | U17: =ROUNDUP(U16*(1+$Z$16),0) -> 10648 | V17: =ROUNDDOWN(U17*2400/2400,0) -> 10648 | W17: 1 | X17: =V17*2 -> 21296 | Z17: =天赋设定!F69*20 -> 21960.175 | AB17: =ROUNDUP(E17/$E$3,3) -> 9.217
A18: 16 | B18: 20 | C18: =ROUNDDOWN((天赋设定!F65*30)*0.7/$B$3,0) -> 358 | D18: 22 | E18: =ROUNDDOWN((天赋设定!F66*30)*0.7/D18,0) -> 380 | F18: 24 | G18: =ROUNDDOWN((天赋设定!F67*30)*0.7/$B$3,0) -> 636 | H18: 26 | I18: =ROUNDDOWN((天赋设定!F68*30)*0.7/$B$3,0) -> 845 | J18: 28 | K18: =ROUNDDOWN((天赋设定!F69*30)*0.7/$B$3,0) -> 1152 | L18: 30 | M18: =ROUNDUP(M17*(1+0.1),0) -> 444 | N18: 30 | O18: =ROUNDUP(O17*(1+0.1),0) -> 663 | P18: 30 | Q18: =ROUNDUP(Q17*(1+0.1),0) -> 710 | R18: 30 | S18: =ROUNDUP(S17*(1+0.1),0) -> 1082 | T18: 2 | U18: =(K18*J18/2)*0.7 -> 11289.6 | V18: =ROUNDDOWN(U18*2400/2400,0) -> 11289 | W18: 0 | AB18: =ROUNDUP(E18/$E$3,3) -> 10.271
A19: 17 | B19: 20 | C19: =ROUNDUP(C18*(1+$Z$21),0) -> 398 | D19: 22 | E19: =ROUNDUP(E18*(1+$Z$21),0) -> 422 | F19: 24 | G19: =ROUNDUP(G18*(1+$Z$21),0) -> 706 | H19: 26 | I19: =ROUNDUP(I18*(1+$Z$21),0) -> 938 | J19: 28 | K19: =ROUNDUP(K18*(1+$Z$21),0) -> 1279 | L19: 30 | M19: =ROUNDUP(M18*(1+0.1),0) -> 489 | N19: 30 | O19: =ROUNDUP(O18*(1+0.1),0) -> 730 | P19: 30 | Q19: =ROUNDUP(Q18*(1+0.1),0) -> 781 | R19: 30 | S19: =ROUNDUP(S18*(1+0.1),0) -> 1191 | T19: 2 | U19: =ROUNDUP(U18*(1+$Z$21),0) -> 12532 | V19: =ROUNDDOWN(U19*2400/2400,0) -> 12532 | W19: 0 | AB19: =ROUNDUP(E19/$E$3,3) -> 11.406
A20: 18 | B20: 20 | C20: =ROUNDUP(C19*(1+$Z$21),0) -> 442 | D20: 22 | E20: =ROUNDUP(E19*(1+$Z$21),0) -> 469 | F20: 24 | G20: =ROUNDUP(G19*(1+$Z$21),0) -> 784 | H20: 26 | I20: =ROUNDUP(I19*(1+$Z$21),0) -> 1042 | J20: 28 | K20: =ROUNDUP(K19*(1+$Z$21),0) -> 1420 | L20: 30 | M20: =ROUNDUP(M19*(1+0.1),0) -> 538 | N20: 30 | O20: =ROUNDUP(O19*(1+0.1),0) -> 803 | P20: 30 | Q20: =ROUNDUP(Q19*(1+0.1),0) -> 860 | R20: 30 | S20: =ROUNDUP(S19*(1+0.1),0) -> 1311 | T20: 2 | U20: =ROUNDUP(U19*(1+$Z$21),0) -> 13911 | V20: =ROUNDDOWN(U20*2400/2400,0) -> 13911 | W20: 0 | AB20: =ROUNDUP(E20/$E$3,3) -> 12.676
A21: 19 | B21: 20 | C21: =ROUNDUP(C20*(1+$Z$21),0) -> 491 | D21: 22 | E21: =ROUNDUP(E20*(1+$Z$21),0) -> 521 | F21: 24 | G21: =ROUNDUP(G20*(1+$Z$21),0) -> 871 | H21: 26 | I21: =ROUNDUP(I20*(1+$Z$21),0) -> 1157 | J21: 28 | K21: =ROUNDUP(K20*(1+$Z$21),0) -> 1577 | L21: 30 | M21: =ROUNDUP(M20*(1+0.1),0) -> 592 | N21: 30 | O21: =ROUNDUP(O20*(1+0.1),0) -> 884 | P21: 30 | Q21: =ROUNDUP(Q20*(1+0.1),0) -> 946 | R21: 30 | S21: =ROUNDUP(S20*(1+0.1),0) -> 1443 | T21: 2 | U21: =ROUNDUP(U20*(1+$Z$21),0) -> 15442 | V21: =ROUNDDOWN(U21*2400/2400,0) -> 15442 | W21: 0 | Z21: 0.11 | AB21: =ROUNDUP(E21/$E$3,3) -> 14.082
A22: 20 | B22: 20 | C22: =ROUNDUP(C21*(1+$Z$21),0) -> 546 | D22: 22 | E22: =ROUNDUP(E21*(1+$Z$21),0) -> 579 | F22: 24 | G22: =ROUNDUP(G21*(1+$Z$21),0) -> 967 | H22: 26 | I22: =ROUNDUP(I21*(1+$Z$21),0) -> 1285 | J22: 28 | K22: =ROUNDUP(K21*(1+$Z$21),0) -> 1751 | L22: 30 | M22: =ROUNDUP(M21*(1+0.1),0) -> 652 | N22: 30 | O22: =ROUNDUP(O21*(1+0.1),0) -> 973 | P22: 30 | Q22: =ROUNDUP(Q21*(1+0.1),0) -> 1041 | R22: 30 | S22: =ROUNDUP(S21*(1+0.1),0) -> 1588 | T22: 0 | U22: =ROUNDUP(U21*(1+$Z$21),0) -> 17141 | V22: =ROUNDDOWN(U22*2400/2400,0) -> 17141 | W22: 1 | X22: =V22*2 -> 34282 | Z22: =天赋设定!G69*20 -> 34861.135 | AB22: =ROUNDUP(E22/$E$3,3) -> 15.649
A23: 21 | B23: 20 | C23: =ROUNDDOWN((天赋设定!G65*30)*0.7/$B$3,0) -> 588 | D23: 22 | E23: =ROUNDDOWN((天赋设定!G66*30)*0.7/D23,0) -> 619 | F23: 24 | G23: =ROUNDDOWN((天赋设定!G67*30)*0.7/$B$3,0) -> 1034 | H23: 26 | I23: =ROUNDDOWN((天赋设定!G68*30)*0.7/$B$3,0) -> 1342 | J23: 28 | K23: =ROUNDDOWN((天赋设定!G69*30)*0.7/$B$3,0) -> 1830 | L23: 30 | M23: =ROUNDUP(M22*(1+0.1),0) -> 718 | N23: 30 | O23: =ROUNDUP(O22*(1+0.1),0) -> 1071 | P23: 30 | Q23: =ROUNDUP(Q22*(1+0.1),0) -> 1146 | R23: 30 | S23: =ROUNDUP(S22*(1+0.1),0) -> 1747 | T23: 2 | U23: =(K23*J23/2)*0.7 -> 17934 | V23: =ROUNDDOWN(U23*2400/2400,0) -> 17934 | W23: 0 | AB23: =ROUNDUP(E23/$E$3,3) -> 16.73
A24: 22 | B24: 20 | C24: =ROUNDUP(C23*(1+$Z$26),0) -> 671 | D24: 22 | E24: =ROUNDUP(E23*(1+$Z$26),0) -> 706 | F24: 24 | G24: =ROUNDUP(G23*(1+$Z$26),0) -> 1179 | H24: 26 | I24: =ROUNDUP(I23*(1+$Z$26),0) -> 1530 | J24: 28 | K24: =ROUNDUP(K23*(1+$Z$26),0) -> 2087 | L24: 30 | M24: =ROUNDUP(M23*(1+0.1),0) -> 790 | N24: 30 | O24: =ROUNDUP(O23*(1+0.1),0) -> 1179 | P24: 30 | Q24: =ROUNDUP(Q23*(1+0.1),0) -> 1261 | R24: 30 | S24: =ROUNDUP(S23*(1+0.1),0) -> 1922 | T24: 2 | U24: =ROUNDUP(U23*(1+$Z$26),0) -> 20445 | V24: =ROUNDDOWN(U24*2400/2400,0) -> 20445 | W24: 0 | AB24: =ROUNDUP(E24/$E$3,3) -> 19.082
A25: 23 | B25: 20 | C25: =ROUNDUP(C24*(1+$Z$26),0) -> 765 | D25: 22 | E25: =ROUNDUP(E24*(1+$Z$26),0) -> 805 | F25: 24 | G25: =ROUNDUP(G24*(1+$Z$26),0) -> 1345 | H25: 26 | I25: =ROUNDUP(I24*(1+$Z$26),0) -> 1745 | J25: 28 | K25: =ROUNDUP(K24*(1+$Z$26),0) -> 2380 | L25: 30 | M25: =ROUNDUP(M24*(1+0.1),0) -> 869 | N25: 30 | O25: =ROUNDUP(O24*(1+0.1),0) -> 1297 | P25: 30 | Q25: =ROUNDUP(Q24*(1+0.1),0) -> 1388 | R25: 30 | S25: =ROUNDUP(S24*(1+0.1),0) -> 2115 | T25: 2 | U25: =ROUNDUP(U24*(1+$Z$26),0) -> 23308 | V25: =ROUNDDOWN(U25*2400/2400,0) -> 23308 | W25: 0 | AB25: =ROUNDUP(E25/$E$3,3) -> 21.757
A26: 24 | B26: 20 | C26: =ROUNDUP(C25*(1+$Z$26),0) -> 873 | D26: 22 | E26: =ROUNDUP(E25*(1+$Z$26),0) -> 918 | F26: 24 | G26: =ROUNDUP(G25*(1+$Z$26),0) -> 1534 | H26: 26 | I26: =ROUNDUP(I25*(1+$Z$26),0) -> 1990 | J26: 28 | K26: =ROUNDUP(K25*(1+$Z$26),0) -> 2714 | L26: 30 | M26: =ROUNDUP(M25*(1+0.1),0) -> 956 | N26: 30 | O26: =ROUNDUP(O25*(1+0.1),0) -> 1427 | P26: 30 | Q26: =ROUNDUP(Q25*(1+0.1),0) -> 1527 | R26: 30 | S26: =ROUNDUP(S25*(1+0.1),0) -> 2327 | T26: 2 | U26: =ROUNDUP(U25*(1+$Z$26),0) -> 26572 | V26: =ROUNDDOWN(U26*2400/2400,0) -> 26572 | W26: 0 | Z26: 0.14 | AB26: =ROUNDUP(E26/$E$3,3) -> 24.811
A27: 25 | B27: 20 | C27: =ROUNDUP(C26*(1+$Z$26),0) -> 996 | D27: 22 | E27: =ROUNDUP(E26*(1+$Z$26),0) -> 1047 | F27: 24 | G27: =ROUNDUP(G26*(1+$Z$26),0) -> 1749 | H27: 26 | I27: =ROUNDUP(I26*(1+$Z$26),0) -> 2269 | J27: 28 | K27: =ROUNDUP(K26*(1+$Z$26),0) -> 3094 | L27: 30 | M27: =ROUNDUP(M26*(1+0.1),0) -> 1052 | N27: 30 | O27: =ROUNDUP(O26*(1+0.1),0) -> 1570 | P27: 30 | Q27: =ROUNDUP(Q26*(1+0.1),0) -> 1680 | R27: 30 | S27: =ROUNDUP(S26*(1+0.1),0) -> 2560 | T27: 0 | U27: =ROUNDUP(U26*(1+$Z$26),0) -> 30293 | V27: =ROUNDDOWN(U27*2400/2400,0) -> 30293 | W27: 1 | X27: =V27*2 -> 60586 | Z27: =天赋设定!H69*20 -> 61199.818 | AB27: =ROUNDUP(E27/$E$3,3) -> 28.298

Sheet 无尽模式怪物属性
A1: 波次 | B1: 怪物数量 | C1: 怪物血量 | D1: 精英怪数量 | E1: 精英怪血量 | F1: BOSS数量 | G1: BOSS血量
A2: 1 | B2: 30 | C2: 12
A3: 2 | B3: 30 | C3: =ROUNDUP($C$2*(1+0.1)^(A3-1),0) -> 14
A4: 3 | B4: 30 | C4: =ROUNDUP($C$2*(1+0.1)^(A4-1),0) -> 15
A5: 4 | B5: 30 | C5: =ROUNDUP($C$2*(1+0.1)^(A5-1),0) -> 16
A6: 5 | B6: 30 | C6: =ROUNDUP($C$2*(1+0.1)^(A6-1),0) -> 18 | D6: 2 | E6: =ROUNDDOWN(C6*B6/2,0) -> 270
A7: 6 | B7: 30 | C7: =ROUNDUP($C$2*(1+0.1)^(A7-1),0) -> 20
A8: 7 | B8: 30 | C8: =ROUNDUP($C$2*(1+0.1)^(A8-1),0) -> 22
A9: 8 | B9: 30 | C9: =ROUNDUP($C$2*(1+0.1)^(A9-1),0) -> 24
A10: 9 | B10: 30 | C10: =ROUNDUP($C$2*(1+0.1)^(A10-1),0) -> 26
A11: 10 | B11: 30 | C11: =ROUNDUP($C$2*(1+0.1)^(A11-1),0) -> 29 | F11: 1 | G11: =C11*B11 -> 870
A12: 11 | B12: 30 | C12: =ROUNDUP($C$2*(1+0.1)^(A12-1),0) -> 32
A13: 12 | B13: 30 | C13: =ROUNDUP($C$2*(1+0.1)^(A13-1),0) -> 35
A14: 13 | B14: 30 | C14: =ROUNDUP($C$2*(1+0.1)^(A14-1),0) -> 38
A15: 14 | B15: 30 | C15: =ROUNDUP($C$2*(1+0.1)^(A15-1),0) -> 42 | L15: 备注：刷新精英或BOSS时，不会刷新小怪，此处只是为了方便计算做了保留
A16: 15 | B16: 30 | C16: =ROUNDUP($C$2*(1+0.1)^(A16-1),0) -> 46 | D16: 2 | E16: =ROUNDDOWN(C16*B16/2,0) -> 690
A17: 16 | B17: 30 | C17: =ROUNDUP($C$2*(1+0.1)^(A17-1),0) -> 51
A18: 17 | B18: 30 | C18: =ROUNDUP($C$2*(1+0.1)^(A18-1),0) -> 56
A19: 18 | B19: 30 | C19: =ROUNDUP($C$2*(1+0.1)^(A19-1),0) -> 61
A20: 19 | B20: 30 | C20: =ROUNDUP($C$2*(1+0.1)^(A20-1),0) -> 67
A21: 20 | B21: 30 | C21: =ROUNDUP($C$2*(1+0.1)^(A21-1),0) -> 74 | F21: 1 | G21: =C21*B21 -> 2220
A22: 21 | B22: 30 | C22: =ROUNDUP($C$2*(1+0.1)^(A22-1),0) -> 81
A23: 22 | B23: 30 | C23: =ROUNDUP($C$2*(1+0.1)^(A23-1),0) -> 89
A24: 23 | B24: 30 | C24: =ROUNDUP($C$2*(1+0.1)^(A24-1),0) -> 98
A25: 24 | B25: 30 | C25: =ROUNDUP($C$2*(1+0.1)^(A25-1),0) -> 108
A26: 25 | B26: 30 | C26: =ROUNDUP($C$2*(1+0.1)^(A26-1),0) -> 119 | D26: 2 | E26: =ROUNDDOWN(C26*B26/2,0) -> 1785
A27: 26 | B27: 30 | C27: =ROUNDUP($C$2*(1+0.1)^(A27-1),0) -> 131
A28: 27 | B28: 30 | C28: =ROUNDUP($C$2*(1+0.1)^(A28-1),0) -> 144
A29: 28 | B29: 30 | C29: =ROUNDUP($C$2*(1+0.1)^(A29-1),0) -> 158
A30: 29 | B30: 30 | C30: =ROUNDUP($C$2*(1+0.1)^(A30-1),0) -> 174
A31: 30 | B31: 30 | C31: =ROUNDUP($C$2*(1+0.1)^(A31-1),0) -> 191 | F31: 1 | G31: =C31*B31 -> 5730
A32: 31 | B32: 30 | C32: =ROUNDUP($C$2*(1+0.1)^(A32-1),0) -> 210
A33: 32 | B33: 30 | C33: =ROUNDUP($C$2*(1+0.1)^(A33-1),0) -> 231
A34: 33 | B34: 30 | C34: =ROUNDUP($C$2*(1+0.1)^(A34-1),0) -> 254
A35: 34 | B35: 30 | C35: =ROUNDUP($C$2*(1+0.1)^(A35-1),0) -> 279
A36: 35 | B36: 30 | C36: =ROUNDUP($C$2*(1+0.1)^(A36-1),0) -> 307 | D36: 2 | E36: =ROUNDDOWN(C36*B36/2,0) -> 4605
A37: 36 | B37: 30 | C37: =ROUNDUP($C$2*(1+0.1)^(A37-1),0) -> 338
A38: 37 | B38: 30 | C38: =ROUNDUP($C$2*(1+0.1)^(A38-1),0) -> 371
A39: 38 | B39: 30 | C39: =ROUNDUP($C$2*(1+0.1)^(A39-1),0) -> 409
A40: 39 | B40: 30 | C40: =ROUNDUP($C$2*(1+0.1)^(A40-1),0) -> 449
A41: 40 | B41: 30 | C41: =ROUNDUP($C$2*(1+0.1)^(A41-1),0) -> 494 | F41: 1 | G41: =C41*B41 -> 14820
A42: 41 | B42: 30 | C42: =ROUNDUP($C$2*(1+0.1)^(A42-1),0) -> 544
A43: 42 | B43: 30 | C43: =ROUNDUP($C$2*(1+0.1)^(A43-1),0) -> 598
A44: 43 | B44: 30 | C44: =ROUNDUP($C$2*(1+0.1)^(A44-1),0) -> 658
A45: 44 | B45: 30 | C45: =ROUNDUP($C$2*(1+0.1)^(A45-1),0) -> 723
A46: 45 | B46: 30 | C46: =ROUNDUP($C$2*(1+0.1)^(A46-1),0) -> 796 | D46: 2 | E46: =ROUNDDOWN(C46*B46/2,0) -> 11940
A47: 46 | B47: 30 | C47: =ROUNDUP($C$2*(1+0.1)^(A47-1),0) -> 875
A48: 47 | B48: 30 | C48: =ROUNDUP($C$2*(1+0.1)^(A48-1),0) -> 963
A49: 48 | B49: 30 | C49: =ROUNDUP($C$2*(1+0.1)^(A49-1),0) -> 1059
A50: 49 | B50: 30 | C50: =ROUNDUP($C$2*(1+0.1)^(A50-1),0) -> 1165
A51: 50 | B51: 30 | C51: =ROUNDUP($C$2*(1+0.1)^(A51-1),0) -> 1281 | F51: 1 | G51: =C51*B51 -> 38430 | L51: 备注：此处达到关卡模式最后一关的难度
A52: 51 | B52: 30 | C52: =ROUNDUP($C$2*(1+0.1)^(A52-1),0) -> 1409
A53: 52 | B53: 30 | C53: =ROUNDUP($C$2*(1+0.1)^(A53-1),0) -> 1550
A54: 53 | B54: 30 | C54: =ROUNDUP($C$2*(1+0.1)^(A54-1),0) -> 1705
A55: 54 | B55: 30 | C55: =ROUNDUP($C$2*(1+0.1)^(A55-1),0) -> 1875
A56: 55 | B56: 30 | C56: =ROUNDUP($C$2*(1+0.1)^(A56-1),0) -> 2063 | D56: 2 | E56: =ROUNDDOWN(C56*B56/2,0) -> 30945
A57: 56 | B57: 30 | C57: =ROUNDUP($C$2*(1+0.1)^(A57-1),0) -> 2269
A58: 57 | B58: 30 | C58: =ROUNDUP($C$2*(1+0.1)^(A58-1),0) -> 2496
A59: 58 | B59: 30 | C59: =ROUNDUP($C$2*(1+0.1)^(A59-1),0) -> 2746
A60: 59 | B60: 30 | C60: =ROUNDUP($C$2*(1+0.1)^(A60-1),0) -> 3020
A61: 60 | B61: 30 | C61: =ROUNDUP($C$2*(1+0.1)^(A61-1),0) -> 3322 | F61: 1 | G61: =C61*B61 -> 99660 | L61: 单人极限 | M61: =22660*20 -> 453200
A62: 61 | B62: 30 | C62: =ROUNDUP($C$2*(1+0.1)^(A62-1),0) -> 3654
A63: 62 | B63: 30 | C63: =ROUNDUP($C$2*(1+0.1)^(A63-1),0) -> 4020
A64: 63 | B64: 30 | C64: =ROUNDUP($C$2*(1+0.1)^(A64-1),0) -> 4422
A65: 64 | B65: 30 | C65: =ROUNDUP($C$2*(1+0.1)^(A65-1),0) -> 4864
A66: 65 | B66: 30 | C66: =ROUNDUP($C$2*(1+0.1)^(A66-1),0) -> 5350 | D66: 2 | E66: =ROUNDDOWN(C66*B66/2,0) -> 80250
A67: 66 | B67: 30 | C67: =ROUNDUP($C$2*(1+0.1)^(A67-1),0) -> 5885
A68: 67 | B68: 30 | C68: =ROUNDUP($C$2*(1+0.1)^(A68-1),0) -> 6473
A69: 68 | B69: 30 | C69: =ROUNDUP($C$2*(1+0.1)^(A69-1),0) -> 7121
A70: 69 | B70: 30 | C70: =ROUNDUP($C$2*(1+0.1)^(A70-1),0) -> 7833
A71: 70 | B71: 30 | C71: =ROUNDUP($C$2*(1+0.1)^(A71-1),0) -> 8616 | F71: 1 | G71: =C71*B71 -> 258480
A72: 71 | B72: 30 | C72: =ROUNDUP($C$2*(1+0.1)^(A72-1),0) -> 9477
A73: 72 | B73: 30 | C73: =ROUNDUP($C$2*(1+0.1)^(A73-1),0) -> 10425
A74: 73 | B74: 30 | C74: =ROUNDUP($C$2*(1+0.1)^(A74-1),0) -> 11468
A75: 74 | B75: 30 | C75: =ROUNDUP($C$2*(1+0.1)^(A75-1),0) -> 12614
A76: 75 | B76: 30 | C76: =ROUNDUP($C$2*(1+0.1)^(A76-1),0) -> 13876 | D76: 2 | E76: =ROUNDDOWN(C76*B76/2,0) -> 208140
A77: 76 | B77: 30 | C77: =ROUNDUP($C$2*(1+0.1)^(A77-1),0) -> 15263
A78: 77 | B78: 30 | C78: =ROUNDUP($C$2*(1+0.1)^(A78-1),0) -> 16790
A79: 78 | B79: 30 | C79: =ROUNDUP($C$2*(1+0.1)^(A79-1),0) -> 18468
A80: 79 | B80: 30 | C80: =ROUNDUP($C$2*(1+0.1)^(A80-1),0) -> 20315
A81: 80 | B81: 30 | C81: =ROUNDUP($C$2*(1+0.1)^(A81-1),0) -> 22347 | F81: 1 | G81: =C81*B81 -> 670410
A82: 81 | B82: 30 | C82: =ROUNDUP($C$2*(1+0.1)^(A82-1),0) -> 24581 | L82: 4人极限 | M82: =517480*4*1.2*(1+0.2)*1.25 -> 3725856
A83: 82 | B83: 30 | C83: =ROUNDUP($C$2*(1+0.1)^(A83-1),0) -> 27039
A84: 83 | B84: 30 | C84: =ROUNDUP($C$2*(1+0.1)^(A84-1),0) -> 29743
A85: 84 | B85: 30 | C85: =ROUNDUP($C$2*(1+0.1)^(A85-1),0) -> 32718
A86: 85 | B86: 30 | C86: =ROUNDUP($C$2*(1+0.1)^(A86-1),0) -> 35989 | D86: 2 | E86: =ROUNDDOWN(C86*B86/2,0) -> 539835
A87: 86 | B87: 30 | C87: =ROUNDUP($C$2*(1+0.1)^(A87-1),0) -> 39588
A88: 87 | B88: 30 | C88: =ROUNDUP($C$2*(1+0.1)^(A88-1),0) -> 43547
A89: 88 | B89: 30 | C89: =ROUNDUP($C$2*(1+0.1)^(A89-1),0) -> 47902
A90: 89 | B90: 30 | C90: =ROUNDUP($C$2*(1+0.1)^(A90-1),0) -> 52692
A91: 90 | B91: 30 | C91: =ROUNDUP($C$2*(1+0.1)^(A91-1),0) -> 57961 | F91: 1 | G91: =C91*B91 -> 1738830
A92: 91 | B92: 30 | C92: =ROUNDUP($C$2*(1+0.1)^(A92-1),0) -> 63757
A93: 92 | B93: 30 | C93: =ROUNDUP($C$2*(1+0.1)^(A93-1),0) -> 70132
A94: 93 | B94: 30 | C94: =ROUNDUP($C$2*(1+0.1)^(A94-1),0) -> 77146
A95: 94 | B95: 30 | C95: =ROUNDUP($C$2*(1+0.1)^(A95-1),0) -> 84860
A96: 95 | B96: 30 | C96: =ROUNDUP($C$2*(1+0.1)^(A96-1),0) -> 93346 | D96: 2 | E96: =ROUNDDOWN(C96*B96/2,0) -> 1400190
A97: 96 | B97: 30 | C97: =ROUNDUP($C$2*(1+0.1)^(A97-1),0) -> 102681
A98: 97 | B98: 30 | C98: =ROUNDUP($C$2*(1+0.1)^(A98-1),0) -> 112949
A99: 98 | B99: 30 | C99: =ROUNDUP($C$2*(1+0.1)^(A99-1),0) -> 124243
A100: 99 | B100: 30 | C100: =ROUNDUP($C$2*(1+0.1)^(A100-1),0) -> 136668
...

Sheet 局内升级
A1: 升级次数/升级所需经验 | B1: 1 | C1: 2 | D1: 3 | E1: 4 | H1: 无尽模式 | I1: 关卡模式
A2: 1 | B2: =C2+C3 -> 684 | C2: =ROUNDDOWN(C3+(2400*2/8 - 250*2)/7,0) -> 349 | D2: =ROUNDDOWN(D3+(2400*2/12 - 150*2)/11,0) -> 249 | E2: =ROUNDDOWN(E3+(2400*2/16 - 100*2)/15,0) -> 195 | G2: 杀怪经验/只 | H2: 4 | I2: 25
A3: 2 | B3: =C4+C5 -> 628 | C3: =ROUNDDOWN(C4+(2400*2/8 - 250*2)/7,0) -> 335 | D3: =ROUNDDOWN(D4+(2400*2/12 - 150*2)/11,0) -> 240 | E3: =ROUNDDOWN(E4+(2400*2/16 - 100*2)/15,0) -> 189
A4: 3 | B4: =C6+C7 -> 572 | C4: =ROUNDDOWN(C5+(2400*2/8 - 250*2)/7,0) -> 321 | D4: =ROUNDDOWN(D5+(2400*2/12 - 150*2)/11,0) -> 231 | E4: =ROUNDDOWN(E5+(2400*2/16 - 100*2)/15,0) -> 183
A5: 4 | B5: =C8+C9 -> 516 | C5: =ROUNDDOWN(C6+(2400*2/8 - 250*2)/7,0) -> 307 | D5: =ROUNDDOWN(D6+(2400*2/12 - 150*2)/11,0) -> 222 | E5: =ROUNDDOWN(E6+(2400*2/16 - 100*2)/15,0) -> 177
A6: 5 | C6: =ROUNDDOWN(C7+(2400*2/8 - 250*2)/7,0) -> 293 | D6: =ROUNDDOWN(D7+(2400*2/12 - 150*2)/11,0) -> 213 | E6: =ROUNDDOWN(E7+(2400*2/16 - 100*2)/15,0) -> 171
A7: 6 | C7: =ROUNDDOWN(C8+(2400*2/8 - 250*2)/7,0) -> 279 | D7: =ROUNDDOWN(D8+(2400*2/12 - 150*2)/11,0) -> 204 | E7: =ROUNDDOWN(E8+(2400*2/16 - 100*2)/15,0) -> 165
A8: 7 | C8: =ROUNDDOWN(C9+(2400*2/8 - 250*2)/7,0) -> 265 | D8: =ROUNDDOWN(D9+(2400*2/12 - 150*2)/11,0) -> 195 | E8: =ROUNDDOWN(E9+(2400*2/16 - 100*2)/15,0) -> 159
A9: 8 | C9: 251 | D9: =ROUNDDOWN(D10+(2400*2/12 - 150*2)/11,0) -> 186 | E9: =ROUNDDOWN(E10+(2400*2/16 - 100*2)/15,0) -> 153
A10: 9 | D10: =ROUNDDOWN(D11+(2400*2/12 - 150*2)/11,0) -> 177 | E10: =ROUNDDOWN(E11+(2400*2/16 - 100*2)/15,0) -> 147
A11: 10 | D11: =ROUNDDOWN(D12+(2400*2/12 - 150*2)/11,0) -> 168 | E11: =ROUNDDOWN(E12+(2400*2/16 - 100*2)/15,0) -> 141
A12: 11 | D12: =ROUNDDOWN(D13+(2400*2/12 - 150*2)/11,0) -> 159 | E12: =ROUNDDOWN(E13+(2400*2/16 - 100*2)/15,0) -> 135
A13: 12 | D13: 150 | E13: =ROUNDDOWN(E14+(2400*2/16 - 100*2)/15,0) -> 129
A14: 13 | E14: =ROUNDDOWN(E15+(2400*2/16 - 100*2)/15,0) -> 123
A15: 14 | E15: =ROUNDDOWN(E16+(2400*2/16 - 100*2)/15,0) -> 117
A16: 15 | E16: =ROUNDDOWN(E17+(2400*2/16 - 100*2)/15,0) -> 111
A17: 16 | E17: 105

Sheet 金币收益
A1: 一局游戏时长/秒 | B1: 200
A2: 一局游戏杀怪金币收益 | B2: =(144+180)/2+((50+50)*4+100)/5 -> 262
A3: 一局游戏结算金币收益 | B3: =ROUNDUP((50*0.2+150*0.35+300*0.45),0) -> 198
A4: 设定玩家通关率为80%，则玩家每小时金币收益为 | B4: =(B2+B3)*0.8/B1*3600 -> 6624
